population_slot,disposition,status_url,published_at,author_handle,relationship,source_view,posted_urls,mentions,hashtags,classifications,access_time_replies,access_time_reposts,access_time_likes,access_time_bookmarks,note
RECOVERED-001,recovered,https://x.com/KCTownHall/status/1013893135695601665,2018-07-02T21:12:15.000Z,@KCTownHall,project-post,posts | replies,https://t.co/PXs7IxP0Fj -> http://KCTownHall.com,@KCTownHall,#KCTownHall,,1,5,15,0,Shared-account human authorship is not assigned.
RECOVERED-002,recovered,https://x.com/KCTownHall/status/1013894923031113728,2018-07-02T21:19:21.000Z,@KCTownHall,project-post,posts | replies,https://t.co/r3kHwsgVNP -> http://KCTownHall.com/join,@KCTownHall,#KCTownHall,,0,1,3,0,Shared-account human authorship is not assigned.
RECOVERED-003,recovered,https://x.com/KCTownHall/status/1013895905932726273,2018-07-02T21:23:15.000Z,@KCTownHall,project-post,posts | replies,https://t.co/r3kHwsgVNP -> http://KCTownHall.com/join,@KCTownHall,#KCTownHall,,0,0,0,0,Shared-account human authorship is not assigned.
RECOVERED-004,recovered,https://x.com/KCTownHall/status/1013897573856370688,2018-07-02T21:29:53.000Z,@KCTownHall,project-post,posts | replies,https://t.co/PXs7IxP0Fj -> http://KCTownHall.com,@KCTownHall,#KCTownHall,,0,0,0,0,Shared-account human authorship is not assigned.
RECOVERED-005,recovered,https://x.com/KCTownHall/status/1013902884285681665,2018-07-02T21:50:59.000Z,@KCTownHall,project-post,posts | replies,https://t.co/PXs7IxP0Fj -> http://KCTownHall.com,@KCTownHall,#KCTownHall,,0,0,0,0,Shared-account human authorship is not assigned.
RECOVERED-006,recovered,https://x.com/KCTownHall/status/1013903134551347200,2018-07-02T21:51:59.000Z,@KCTownHall,project-post,posts | replies,https://t.co/PXs7IxP0Fj -> http://KCTownHall.com,@KCTownHall,#KCTownHall,,0,0,1,0,Shared-account human authorship is not assigned.
RECOVERED-007,recovered,https://x.com/KCTownHall/status/1013903289392517120,2018-07-02T21:52:36.000Z,@KCTownHall,project-post,posts | replies,https://t.co/PXs7IxP0Fj -> http://KCTownHall.com,@KCTownHall,#KCTownHall,,0,0,0,0,Shared-account human authorship is not assigned.
RECOVERED-008,recovered,https://x.com/KCTownHall/status/1014742105145692161,2018-07-05T05:25:45.000Z,@KCTownHall,project-post,posts | replies,,@KCTownHall,,,0,0,2,0,Shared-account human authorship is not assigned.
RECOVERED-009,recovered,https://x.com/KCTownHall/status/1016684231433564160,2018-07-10T14:03:04.000Z,@KCTownHall,project-post,posts | replies,https://t.co/5SiJPgIaBU -> http://kcata.org/about_kcata/entries/ozone_alert…,@KCTownHall | @RideKC | @airqkc,#OzoneDay,,1,2,7,0,Shared-account human authorship is not assigned.
RECOVERED-010,recovered,https://x.com/QuintonLucasKC/status/1020798115367047171,2018-07-21T22:30:10.000Z,@QuintonLucasKC,project-repost,posts | replies,https://t.co/jc5nZGtusU -> https://curbed.com/2018/7/20/17595698/rent-relief-act-tax-credit-kamala-harris…,@QuintonLucasKC,,,2,2,3,0,Source-post engagement is not project-account traction.
RECOVERED-011,recovered,https://x.com/GCI1919/status/1022510145014824962,2018-07-26T15:53:10.000Z,@GCI1919,project-repost,posts | replies,,@GCI1919,#countdownto100years | #youth | #latinocommunities | #afterschool | #wearehere | #KCMO,,0,5,8,0,Source-post engagement is not project-account traction.
RECOVERED-012,recovered,https://x.com/KCTownHall/status/1023249193878597632,2018-07-28T16:49:53.000Z,@KCTownHall,project-post,posts | replies,,@KCTownHall,#snailmail | #mysteryhand,,0,0,2,0,Shared-account human authorship is not assigned.
RECOVERED-013,recovered,https://x.com/KCTownHall/status/1024739337282441218,2018-08-01T19:31:11.000Z,@KCTownHall,project-post,posts | replies,,@KCTownHall | @QuintonLucasKC,#kctownhall,,1,3,10,0,Shared-account human authorship is not assigned.
RECOVERED-014,recovered,https://x.com/KCTownHall/status/1026922856091987968,2018-08-07T20:07:42.000Z,@KCTownHall,project-post,posts | replies,https://t.co/YOLxn5lCEo -> http://kcur.org/post/cheat-sheet-tuesdays-primary-election-missouri#stream/0… || https://t.co/h2rxGUdJJh -> https://voteroutreach.sos.mo.gov/PRD/VoterOutreach/VOSearch.aspx…,@KCTownHall | @RideKCTransit,,,0,0,1,0,Shared-account human authorship is not assigned.
RECOVERED-015,recovered,https://x.com/CentralHS_KCPS/status/1029067847740391426,2018-08-13T18:11:08.000Z,@CentralHS_KCPS,project-repost,posts | replies,,@CentralHS_KCPS,,,0,4,11,0,Source-post engagement is not project-account traction.
RECOVERED-016,recovered,https://x.com/KCTownHall/status/1033485724899794944,2018-08-25T22:46:12.000Z,@KCTownHall,project-post,posts | replies,,@KCTownHall | @KCMOwater | @joliejustus,,,1,0,1,0,Shared-account human authorship is not assigned.
RECOVERED-017,recovered,https://x.com/KCTownHall/status/1033500102801993729,2018-08-25T23:43:20.000Z,@KCTownHall,project-reply,replies,,@KCTownHall,,,1,0,1,0,Shared-account human authorship is not assigned.
RECOVERED-018,recovered,https://x.com/KCTownHall/status/1033505948533448705,2018-08-26T00:06:34.000Z,@KCTownHall,project-reply,replies,,@KCTownHall,#MetrowideProblemSolving,,2,0,2,0,Shared-account human authorship is not assigned.
RECOVERED-019,recovered,https://x.com/KCTownHall/status/1034145416663769088,2018-08-27T18:27:35.000Z,@KCTownHall,project-reply,replies,,@KCTownHall,,,1,0,0,0,Shared-account human authorship is not assigned.
RECOVERED-020,recovered,https://x.com/KCTownHall/status/1035215055024009216,2018-08-30T17:17:57.000Z,@KCTownHall,project-post,posts | replies,https://t.co/8BtTrG0dKQ -> https://youtu.be/PmLjLyOpS9I || https://t.co/PXs7IxP0Fj -> http://KCTownHall.com,@KCTownHall,,,0,2,3,0,Shared-account human authorship is not assigned.
RECOVERED-021,recovered,https://x.com/KCTownHall/status/1037785619706068995,2018-09-06T19:32:27.000Z,@KCTownHall,project-post,posts | replies,https://t.co/XX2HOanaDx -> http://KCTownHall.com/temporary-elecary-electricity/… || https://t.co/PXs7IxP0Fj -> http://KCTownHall.com,@KCTownHall,#KCTownHall,,0,1,1,0,Shared-account human authorship is not assigned.
RECOVERED-022,recovered,https://x.com/KCTownHall/status/1038153710864670721,2018-09-07T19:55:07.000Z,@KCTownHall,project-post,posts | replies,,@KCTownHall | @cancunkc,#honored,,0,0,1,0,Shared-account human authorship is not assigned.
RECOVERED-023,recovered,https://x.com/INCThrives/status/1043539982676369408,2018-09-22T16:38:14.000Z,@INCThrives,project-repost,posts | replies,,@INCThrives,,,0,1,1,0,Source-post engagement is not project-account traction.
RECOVERED-024,recovered,https://x.com/KCTownHall/status/1043549999550877697,2018-09-22T17:18:02.000Z,@KCTownHall,project-post,posts | replies,https://t.co/qblDnsNEjm -> http://northeastnews.net/pages/affordable-housing-policy-hits-docket-kcmo/…,@KCTownHall | @QuintonLucasKC,,,0,2,1,0,Shared-account human authorship is not assigned.
RECOVERED-025,recovered,https://x.com/GCI1919/status/1044677436204560384,2018-09-25T19:58:04.000Z,@GCI1919,project-repost,posts | replies,https://t.co/lb9UoNFtWE -> http://bit.ly/RegisterToVOTEHere…,@GCI1919,#sisepuede | #yourvoicematters | #vote,,0,1,5,0,Source-post engagement is not project-account traction.
RECOVERED-026,recovered,https://x.com/kholmesKARES/status/1059533163519770624,2018-11-05T19:49:26.000Z,@kholmesKARES,project-repost,posts | replies,,@kholmesKARES,,,19,175,923,2,Source-post engagement is not project-account traction.
RECOVERED-027,recovered,https://x.com/KCTownHall/status/1060936086648733702,2018-11-09T16:44:08.000Z,@KCTownHall,project-post,posts | replies,https://t.co/PXs7IxP0Fj -> http://KCTownHall.com,@KCTownHall,#NoOrdinaryLove,,0,0,1,0,Shared-account human authorship is not assigned.
RECOVERED-028,recovered,https://x.com/KCTownHall/status/1061347310758699008,2018-11-10T19:58:12.000Z,@KCTownHall,project-post,posts | replies,,@KCTownHall,#womenofwarriors,,0,0,1,0,Shared-account human authorship is not assigned.
RECOVERED-029,recovered,https://x.com/KCTownHall/status/1062375399429169152,2018-11-13T16:03:27.000Z,@KCTownHall,project-post,posts | replies,,@KCTownHall,,,1,1,8,0,Shared-account human authorship is not assigned.
RECOVERED-030,recovered,https://x.com/KCTownHall/status/1062377455338618880,2018-11-13T16:11:38.000Z,@KCTownHall,project-post,posts | replies,,@KCTownHall,,,0,0,2,0,Shared-account human authorship is not assigned.
RECOVERED-031,recovered,https://x.com/KCTownHall/status/1087695661020205056,2019-01-22T12:57:08.000Z,@KCTownHall,project-post,posts | replies,https://t.co/6CANa9RNWd -> https://youtube.com/watch?v=1jeyIAH3bUI&feature=youtu.be&t=631…,@KCTownHall,,,0,0,0,0,Shared-account human authorship is not assigned.
RECOVERED-032,recovered,https://x.com/KCTownHall/status/1102627427992375296,2019-03-04T17:50:39.000Z,@KCTownHall,project-post,posts | replies,https://t.co/PyFuI154b3 -> https://facebook.com/events/299606100678115/…,@KCTownHall | @KCLibrary | @NEKCchamber | @MattieRhodes | @onekcradio,,,0,2,3,0,Shared-account human authorship is not assigned.
RECOVERED-033,recovered,https://x.com/KCTownHall/status/1122854798884257797,2019-04-29T13:27:00.000Z,@KCTownHall,project-post,posts | replies,,@KCTownHall | @kcurCST | @kcur | @pubradiosly,,,2,0,4,0,Shared-account human authorship is not assigned.
RECOVERED-034,recovered,https://x.com/KCTownHall/status/1122859036163170304,2019-04-29T13:43:50.000Z,@KCTownHall,project-post,posts | replies,https://t.co/vdw4Yr5aST -> https://kansascity.com/news/business/article87241897.html…,@KCTownHall | @QuintonLucasKC | @JermaineReed,,,0,2,2,0,Shared-account human authorship is not assigned.
RECOVERED-035,recovered,https://x.com/QuintonLucasKC/status/1122866432130334720,2019-04-29T14:13:13.000Z,@QuintonLucasKC,project-repost,posts | replies,,@QuintonLucasKC,,,2,4,20,0,Source-post engagement is not project-account traction.
RECOVERED-036,recovered,https://x.com/KCTownHall/status/1122867070729949184,2019-04-29T14:15:46.000Z,@KCTownHall,project-reply,replies,,@KCTownHall,,,0,0,0,0,Shared-account human authorship is not assigned.
RECOVERED-037,recovered,https://x.com/joliejustus/status/1122881981484797954,2019-04-29T15:15:01.000Z,@joliejustus,project-repost,posts | replies,,@joliejustus,,,4,13,60,0,Source-post engagement is not project-account traction.
RECOVERED-038,recovered,https://x.com/joliejustus/status/1122883010582466560,2019-04-29T15:19:06.000Z,@joliejustus,project-repost,posts | replies,,@joliejustus | @KCTownHall | @kcurCST,,,1,1,3,0,Source-post engagement is not project-account traction.
RECOVERED-039,recovered,https://x.com/KCTownHall/status/1122884316093210627,2019-04-29T15:24:17.000Z,@KCTownHall,project-reply,replies,,@KCTownHall,,,0,0,1,0,Shared-account human authorship is not assigned.
RECOVERED-040,recovered,https://x.com/QuintonLucasKC/status/1122905778464153602,2019-04-29T16:49:34.000Z,@QuintonLucasKC,project-repost,posts | replies,,@QuintonLucasKC,#KCMO | #KansasCity,,1,5,24,0,Source-post engagement is not project-account traction.
RECOVERED-041,recovered,https://x.com/KCTownHall/status/1122977313468157953,2019-04-29T21:33:50.000Z,@KCTownHall,project-reply,replies,,@KCTownHall,,,0,0,1,0,Shared-account human authorship is not assigned.
RECOVERED-042,recovered,https://x.com/KansasCity/status/1123264511698456577,2019-04-30T16:35:03.000Z,@KansasCity,project-repost,posts | replies,,@KansasCity,#JazzDay,,0,14,39,0,Source-post engagement is not project-account traction.
RECOVERED-043,recovered,https://x.com/KCTownHall/status/1124416898064580608,2019-05-03T20:54:13.000Z,@KCTownHall,project-post,posts | replies,https://t.co/Vsuw0RSM2g -> http://KCTownHall.com/tires/,@KCTownHall,#TiredOfTires,tire-related,1,1,2,0,Shared-account human authorship is not assigned.
RECOVERED-044,recovered,https://x.com/KCTownHall/status/1124418375181058048,2019-05-03T21:00:05.000Z,@KCTownHall,project-post,posts | replies,https://t.co/kSEpCVgPwt -> http://kctownhall.com/survey/,@KCTownHall,,survey-linked,0,1,2,0,Shared-account human authorship is not assigned.
RECOVERED-045,recovered,https://x.com/KCTownHall/status/1124448415293874176,2019-05-03T22:59:28.000Z,@KCTownHall,project-post,posts | replies,https://t.co/COA3dXvlfU -> http://KCTownHall.com/tires,@KCTownHall,#TiredOfTires,tire-related,0,0,0,0,Shared-account human authorship is not assigned.
RECOVERED-046,recovered,https://x.com/KCTownHall/status/1124481129057333250,2019-05-04T01:09:27.000Z,@KCTownHall,project-post,posts | replies,https://t.co/COA3dXvlfU -> http://KCTownHall.com/tires,@KCTownHall,#TiredOfTires,tire-related,0,1,1,0,Shared-account human authorship is not assigned.
RECOVERED-047,recovered,https://x.com/KCTownHall/status/1124717766756503552,2019-05-04T16:49:46.000Z,@KCTownHall,project-post,posts | replies,,@KCTownHall,,,1,0,1,0,Shared-account human authorship is not assigned.
RECOVERED-048,recovered,https://x.com/_Titi81/status/1124760081596391424,2019-05-04T19:37:55.000Z,@_Titi81,project-repost,posts | replies,,@_Titi81 | @KCTownHall,,,1,1,1,0,Source-post engagement is not project-account traction.
RECOVERED-049,recovered,https://x.com/KCTownHall/status/1124779534795071489,2019-05-04T20:55:13.000Z,@KCTownHall,project-reply,replies,,@KCTownHall,,,0,0,0,0,Shared-account human authorship is not assigned.
RECOVERED-050,recovered,https://x.com/KCTownHall/status/1124789562293870592,2019-05-04T21:35:03.000Z,@KCTownHall,project-post,posts | replies,https://t.co/COA3dXvlfU -> http://KCTownHall.com/tires || https://t.co/bsYwe6J1iv -> http://KCTownHall.com/survey,@KCTownHall,#TiredOfTires,tire-related | survey-linked,0,0,0,0,Shared-account human authorship is not assigned.
RECOVERED-051,recovered,https://x.com/KCTownHall/status/1124791429790879745,2019-05-04T21:42:29.000Z,@KCTownHall,project-post,posts | replies,https://t.co/COA3dXvlfU -> http://KCTownHall.com/tires || https://t.co/bsYwe6J1iv -> http://KCTownHall.com/survey,@KCTownHall,#TiredOfTires,tire-related | survey-linked,0,0,0,0,Shared-account human authorship is not assigned.
RECOVERED-052,recovered,https://x.com/NickStarlingPIO/status/1124792146064748550,2019-05-04T21:45:19.000Z,@NickStarlingPIO,project-repost,posts | replies,,@NickStarlingPIO | @41actionnews,,,2,7,9,0,Source-post engagement is not project-account traction.
RECOVERED-053,recovered,https://x.com/KCTownHall/status/1124793002843615233,2019-05-04T21:48:44.000Z,@KCTownHall,project-post,posts | replies,https://t.co/COA3dXvlfU -> http://KCTownHall.com/tires || https://t.co/bsYwe6J1iv -> http://KCTownHall.com/survey,@KCTownHall,#TiredOfTires,tire-related | survey-linked,0,0,0,0,Shared-account human authorship is not assigned.
RECOVERED-054,recovered,https://x.com/KCTownHall/status/1124795681389076481,2019-05-04T21:59:22.000Z,@KCTownHall,project-post,posts | replies,https://t.co/COA3dXvlfU -> http://KCTownHall.com/tires,@KCTownHall,#TiredOfTires,tire-related,0,0,0,0,Shared-account human authorship is not assigned.
RECOVERED-055,recovered,https://x.com/KCTownHall/status/1124810411302359040,2019-05-04T22:57:54.000Z,@KCTownHall,project-post,posts | replies,https://t.co/COA3dXvlfU -> http://KCTownHall.com/tires,@KCTownHall | @foresttysonjr | @urbanhermit,#TiredOfTires,tire-related,0,0,2,0,Shared-account human authorship is not assigned.
RECOVERED-056,recovered,https://x.com/KCTownHall/status/1126284471894933504,2019-05-09T00:35:18.000Z,@KCTownHall,project-post,posts | replies,https://t.co/bf2VnJH9oy -> https://facebook.com/KCTownHall/videos/2135596040064768… || https://t.co/kSEpCVgPwt -> http://kctownhall.com/survey/,@KCTownHall | @GCI1919 | @joliejustus | @QuintonLucasKC,#kcmayor | #voteKC | #kcmayoraldebate,survey-linked,0,0,3,0,Shared-account human authorship is not assigned.
RECOVERED-057,recovered,https://x.com/KCTownHall/status/1134594449256984576,2019-05-31T22:56:11.000Z,@KCTownHall,project-post,posts | replies,https://t.co/COA3dXvlfU -> http://KCTownHall.com/tires || https://t.co/48yjJD5qWu -> http://KCTownHall.com/Survey,@KCTownHall,#TiredOfTires,tire-related | survey-linked,0,1,0,0,Shared-account human authorship is not assigned.
RECOVERED-058,recovered,https://x.com/KCTownHall/status/1134608391614160896,2019-05-31T23:51:35.000Z,@KCTownHall,project-post,posts | replies,https://t.co/COA3dXvlfU -> http://KCTownHall.com/tires || https://t.co/bsYwe6J1iv -> http://KCTownHall.com/survey,@KCTownHall | @kctownhall,#TiredOfTires,tire-related | survey-linked,0,0,0,0,Shared-account human authorship is not assigned.
RECOVERED-059,recovered,https://x.com/KCTownHall/status/1135225497384890368,2019-06-02T16:43:44.000Z,@KCTownHall,project-post,posts | replies,,@KCTownHall | @JermaineReed | @joliejustus | @QuintonLucasKC | @mcmanuskc | @danfowlerkcmo | @K_J_Shields,,,0,0,1,0,Shared-account human authorship is not assigned.
RECOVERED-060,recovered,https://x.com/KCTownHall/status/1135246124883861504,2019-06-02T18:05:42.000Z,@KCTownHall,project-post,posts | replies,https://t.co/COA3dXvlfU -> http://KCTownHall.com/tires,@KCTownHall | @foresttysonjr | @urbanhermit,#TiredOfTires,tire-related,0,1,3,0,Shared-account human authorship is not assigned.
RECOVERED-061,recovered,https://x.com/KCTownHall/status/1147586873423998976,2019-07-06T19:23:26.000Z,@KCTownHall,project-post,posts | replies,https://t.co/COA3dXvlfU -> http://KCTownHall.com/tires || https://t.co/bsYwe6J1iv -> http://KCTownHall.com/survey,@KCTownHall,#TiredOfTires,tire-related | survey-linked,1,1,1,0,Shared-account human authorship is not assigned.
RECOVERED-062,recovered,https://x.com/KCTownHall/status/1147589894660907009,2019-07-06T19:35:26.000Z,@KCTownHall,project-post,posts | replies,https://t.co/COA3dXvlfU -> http://KCTownHall.com/tires || https://t.co/bsYwe6J1iv -> http://KCTownHall.com/survey,@KCTownHall,#TiredOfTires,tire-related | survey-linked,0,0,0,0,Shared-account human authorship is not assigned.
RECOVERED-063,recovered,https://x.com/KCTownHall/status/1147602234127130624,2019-07-06T20:24:28.000Z,@KCTownHall,project-post,posts | replies,https://t.co/COA3dXvlfU -> http://KCTownHall.com/tires || https://t.co/bsYwe6J1iv -> http://KCTownHall.com/survey,@KCTownHall,#TiredOfTires,tire-related | survey-linked,0,0,0,0,Shared-account human authorship is not assigned.
RECOVERED-064,recovered,https://x.com/KCTownHall/status/1147679988600254465,2019-07-07T01:33:26.000Z,@KCTownHall,project-post,posts | replies,https://t.co/COA3dXvlfU -> http://KCTownHall.com/tires,@KCTownHall,#TiredOfTires,tire-related,0,2,4,0,Shared-account human authorship is not assigned.
RECOVERED-065,recovered,https://x.com/trutheresme/status/1148277187583389703,2019-07-08T17:06:30.000Z,@trutheresme,project-repost,posts | replies,,@trutheresme | @BTG_KC | @KCTownHall,#environmentaljustice | #communitybuilding | #moregreenplease,tire-related,0,1,1,0,Source-post engagement is not project-account traction.
RECOVERED-066,recovered,https://x.com/RideKCTransit/status/1154729332755050496,2019-07-26T12:25:01.000Z,@RideKCTransit,project-repost,posts | replies,https://t.co/D1LHjkHFmS -> https://ridekc.org/planning/ridekc-next…,@RideKCTransit,,,0,3,4,0,Source-post engagement is not project-account traction.
RECOVERED-067,recovered,https://x.com/KCTownHall/status/1154888028889976834,2019-07-26T22:55:37.000Z,@KCTownHall,project-reply,replies,,@KCTownHall,,,0,0,0,0,Shared-account human authorship is not assigned.
RECOVERED-068,recovered,https://x.com/KCTownHall/status/1157464628324110336,2019-08-03T01:34:06.000Z,@KCTownHall,project-post,posts | replies,https://t.co/COA3dXvlfU -> http://KCTownHall.com/tires,@KCTownHall | @ellington_b | @Robinson4kc | @QuintonLucasKC,#TiredOfTires,tire-related,0,0,0,0,Shared-account human authorship is not assigned.
RECOVERED-069,recovered,https://x.com/KCTownHall/status/1157482636463476736,2019-08-03T02:45:40.000Z,@KCTownHall,project-post,posts | replies,https://t.co/COA3dXvlfU -> http://KCTownHall.com/tires,@KCTownHall,#TiredOfTires,tire-related,0,0,0,0,Shared-account human authorship is not assigned.
RECOVERED-070,recovered,https://x.com/KCTownHall/status/1157483198781087744,2019-08-03T02:47:54.000Z,@KCTownHall,project-post,posts | replies,https://t.co/COA3dXdJRk -> http://KCTownHall.com/tires,@KCTownHall,#TiredOfTires,tire-related,0,1,1,0,Shared-account human authorship is not assigned.
RECOVERED-071,recovered,https://x.com/KCTownHall/status/1157483542529617926,2019-08-03T02:49:16.000Z,@KCTownHall,project-post,posts | replies,https://t.co/COA3dXvlfU -> http://KCTownHall.com/tires,@KCTownHall,#TiredOfTires,tire-related,0,0,0,0,Shared-account human authorship is not assigned.
RECOVERED-072,recovered,https://x.com/KCTownHall/status/1157861700944703488,2019-08-04T03:51:56.000Z,@KCTownHall,project-post,posts | replies,https://t.co/COA3dXvlfU -> http://KCTownHall.com/tires,@KCTownHall,#TiredOfTires,tire-related,0,0,1,0,Shared-account human authorship is not assigned.
RECOVERED-073,recovered,https://x.com/KCTownHall/status/1159153322236026881,2019-08-07T17:24:22.000Z,@KCTownHall,project-post,posts | replies,https://t.co/cMLHYX42fV -> https://gofundme.com/f/church-ac-theft…,@KCTownHall | @QuintonLucasKC | @Robinson4kc | @ellington_b,,,0,0,0,0,Shared-account human authorship is not assigned.
RECOVERED-074,recovered,https://x.com/KCTownHall/status/1170072880090165249,2019-09-06T20:34:48.000Z,@KCTownHall,project-post,posts | replies,https://t.co/COA3dXvlfU -> http://KCTownHall.com/tires || https://t.co/bsYwe6J1iv -> http://KCTownHall.com/survey,@KCTownHall,#TiredOfTires,tire-related | survey-linked,0,0,1,0,Shared-account human authorship is not assigned.
RECOVERED-075,recovered,https://x.com/KCTownHall/status/1170387602329034754,2019-09-07T17:25:23.000Z,@KCTownHall,project-post,posts | replies,https://t.co/COA3dXvlfU -> http://KCTownHall.com/tires,@KCTownHall,#TiredOfTires,tire-related,0,0,1,0,Shared-account human authorship is not assigned.
RECOVERED-076,recovered,https://x.com/KCTownHall/status/1170387688496799744,2019-09-07T17:25:44.000Z,@KCTownHall,project-post,posts | replies,https://t.co/COA3dXvlfU -> http://KCTownHall.com/tires,@KCTownHall,#TiredOfTires,tire-related,0,0,0,0,Shared-account human authorship is not assigned.
RECOVERED-077,recovered,https://x.com/KCTownHall/status/1170387736492224512,2019-09-07T17:25:55.000Z,@KCTownHall,project-post,posts | replies,https://t.co/COA3dXvlfU -> http://KCTownHall.com/tires,@KCTownHall,#TiredOfTires,tire-related,0,0,1,0,Shared-account human authorship is not assigned.
RECOVERED-078,recovered,https://x.com/trutheresme/status/1173037571162738689,2019-09-15T00:55:25.000Z,@trutheresme,project-repost,posts | replies,,@trutheresme,,,0,1,2,0,Source-post engagement is not project-account traction.
RECOVERED-079,recovered,https://x.com/laurazig/status/1180176299471638528,2019-10-04T17:42:11.000Z,@laurazig,project-repost,posts | replies,,@laurazig | @kcur,#HereToListenKCUR,,0,1,4,0,Source-post engagement is not project-account traction.
RECOVERED-080,recovered,https://x.com/KCTownHall/status/1180178311848366083,2019-10-04T17:50:10.000Z,@KCTownHall,project-post,posts | replies,https://t.co/COA3dXvlfU -> http://KCTownHall.com/tires || https://t.co/bsYwe6J1iv -> http://KCTownHall.com/survey,@KCTownHall,#TiredOfTires,tire-related | survey-linked,0,0,0,0,Shared-account human authorship is not assigned.
RECOVERED-081,recovered,https://x.com/KCTownHall/status/1180550513819095042,2019-10-05T18:29:10.000Z,@KCTownHall,project-post,posts | replies,https://t.co/COA3dXvlfU -> http://KCTownHall.com/tires,@KCTownHall,#TiredOfTires,tire-related,0,0,0,0,Shared-account human authorship is not assigned.
RECOVERED-082,recovered,https://x.com/KCTownHall/status/1180551346090577920,2019-10-05T18:32:29.000Z,@KCTownHall,project-post,posts | replies,https://t.co/COA3dXvlfU -> http://KCTownHall.com/tires,@KCTownHall,#TiredOfTires,tire-related,0,0,0,0,Shared-account human authorship is not assigned.
RECOVERED-083,recovered,https://x.com/KCTownHall/status/1180552140005298176,2019-10-05T18:35:38.000Z,@KCTownHall,project-post,posts | replies,https://t.co/COA3dXvlfU -> http://KCTownHall.com/tires,@KCTownHall,#TiredOfTires,tire-related,0,0,0,0,Shared-account human authorship is not assigned.
RECOVERED-084,recovered,https://x.com/KCTownHall/status/1180552910071095301,2019-10-05T18:38:42.000Z,@KCTownHall,project-post,posts | replies,https://t.co/COA3dXvlfU -> http://KCTownHall.com/tires,@KCTownHall,#TiredOfTires,tire-related,0,0,0,0,Shared-account human authorship is not assigned.
RECOVERED-085,recovered,https://x.com/KCTownHall/status/1180553578689236992,2019-10-05T18:41:21.000Z,@KCTownHall,project-post,posts | replies,https://t.co/COA3dXvlfU -> http://KCTownHall.com/tires,@KCTownHall,#TiredOfTires,tire-related,0,1,0,0,Shared-account human authorship is not assigned.
RECOVERED-086,recovered,https://x.com/KCTownHall/status/1180556215870541824,2019-10-05T18:51:50.000Z,@KCTownHall,project-post,posts | replies,https://t.co/COA3dXvlfU -> http://KCTownHall.com/tires,@KCTownHall,#TiredOfTires,tire-related,0,0,0,0,Shared-account human authorship is not assigned.
RECOVERED-087,recovered,https://x.com/KCTownHall/status/1180557262823264256,2019-10-05T18:55:59.000Z,@KCTownHall,project-post,posts | replies,https://t.co/COA3dXvlfU -> http://KCTownHall.com/tires,@KCTownHall,#TiredOfTires,tire-related,0,0,0,0,Shared-account human authorship is not assigned.
RECOVERED-088,recovered,https://x.com/KCTownHall/status/1180568634260897794,2019-10-05T19:41:10.000Z,@KCTownHall,project-post,posts | replies,https://t.co/COA3dXvlfU -> http://KCTownHall.com/tires,@KCTownHall,#TiredOfTires,tire-related,0,0,0,0,Shared-account human authorship is not assigned.
RECOVERED-089,recovered,https://x.com/KCTownHall/status/1180569203717353472,2019-10-05T19:43:26.000Z,@KCTownHall,project-post,posts | replies,https://t.co/COA3dXvlfU -> http://KCTownHall.com/tires,@KCTownHall,#TiredOfTires,tire-related,0,0,0,0,Shared-account human authorship is not assigned.
RECOVERED-090,recovered,https://x.com/KCTownHall/status/1180569809475588096,2019-10-05T19:45:51.000Z,@KCTownHall,project-post,posts | replies,https://t.co/COA3dXvlfU -> http://KCTownHall.com/tires,@KCTownHall,#TiredOfTires,tire-related,0,0,0,0,Shared-account human authorship is not assigned.
RECOVERED-091,recovered,https://x.com/KCTownHall/status/1180570492530577410,2019-10-05T19:48:34.000Z,@KCTownHall,project-post,posts | replies,https://t.co/COA3dXvlfU -> http://KCTownHall.com/tires,@KCTownHall,#TiredOfTires,tire-related,0,0,0,0,Shared-account human authorship is not assigned.
RECOVERED-092,recovered,https://x.com/KCTownHall/status/1180639237781250049,2019-10-06T00:21:44.000Z,@KCTownHall,project-post,posts | replies,https://t.co/COA3dXvlfU -> http://KCTownHall.com/tires,@KCTownHall,#TiredOfTires,tire-related,0,0,0,0,Shared-account human authorship is not assigned.
RECOVERED-093,recovered,https://x.com/KCTownHall/status/1182329689689473029,2019-10-10T16:18:59.000Z,@KCTownHall,project-post,posts | replies,,@KCTownHall | @foresttysonjr | @Robinson4kc | @KikiCurls,,,0,7,6,0,Shared-account human authorship is not assigned.
RECOVERED-094,recovered,https://x.com/trutheresme/status/1182349413722836992,2019-10-10T17:37:21.000Z,@trutheresme,project-repost,posts | replies,,@trutheresme,,,0,2,1,0,Source-post engagement is not project-account traction.
RECOVERED-095,recovered,https://x.com/JJones816/status/1182369340034707457,2019-10-10T18:56:32.000Z,@JJones816,project-repost,posts | replies,,@JJones816,,,0,1,1,0,Source-post engagement is not project-account traction.
RECOVERED-096,recovered,https://x.com/KCTownHall/status/1183035237233823745,2019-10-12T15:02:34.000Z,@KCTownHall,project-post,posts | replies,,@KCTownHall | @foresttysonjr | @Robinson4kc | @KikiCurls,,,1,0,1,0,Shared-account human authorship is not assigned.
RECOVERED-097,recovered,https://x.com/DjPittel/status/1184421200400801792,2019-10-16T10:49:54.000Z,@DjPittel,project-repost,posts | replies,,@DjPittel,#WeAreCentral,,0,3,11,0,Source-post engagement is not project-account traction.
RECOVERED-098,recovered,https://x.com/QuintonLucasKC/status/1185289925748580352,2019-10-18T20:21:54.000Z,@QuintonLucasKC,project-repost,posts | replies,,@QuintonLucasKC,,,4,8,50,0,Source-post engagement is not project-account traction.
RECOVERED-099,recovered,https://x.com/Robinson4kc/status/1187199836682117126,2019-10-24T02:51:12.000Z,@Robinson4kc,project-repost,posts | replies,,@Robinson4kc,#ViolenceFreeKC,,2,1,9,0,Source-post engagement is not project-account traction.
RECOVERED-100,recovered,https://x.com/KCTownHall/status/1190017854248239115,2019-10-31T21:29:00.000Z,@KCTownHall,project-post,posts | replies,https://t.co/COA3dXvlfU -> http://KCTownHall.com/tires,@KCTownHall,#TiredOfTires,tire-related,0,0,0,0,Shared-account human authorship is not assigned.
RECOVERED-101,recovered,https://x.com/KCTownHall/status/1190367471129300992,2019-11-01T20:38:15.000Z,@KCTownHall,project-post,posts | replies,https://t.co/COA3dXvlfU -> http://KCTownHall.com/tires,@KCTownHall,#TiredOfTires,tire-related,0,0,1,0,Shared-account human authorship is not assigned.
RECOVERED-102,recovered,https://x.com/KCTownHall/status/1190393136054521856,2019-11-01T22:20:14.000Z,@KCTownHall,project-post,posts | replies,https://t.co/COA3dXvlfU -> http://KCTownHall.com/tires,@KCTownHall,#TiredOfTires,tire-related,0,0,0,0,Shared-account human authorship is not assigned.
RECOVERED-103,recovered,https://x.com/NortheastNewsKC/status/1190674584502177797,2019-11-02T16:58:37.000Z,@NortheastNewsKC,project-repost,posts | replies,,@NortheastNewsKC | @KCMOParks | @QuintonLucasKC | @ScarrittKC | @PHNA | @IndianMoundNA | @Houstondefoe,,,0,4,8,0,Source-post engagement is not project-account traction.
RECOVERED-104,recovered,https://x.com/Robinson4kc/status/1190688421276246016,2019-11-02T17:53:36.000Z,@Robinson4kc,project-repost,posts | replies,,@Robinson4kc,,,0,1,20,0,Source-post engagement is not project-account traction.
RECOVERED-105,recovered,https://x.com/KCTownHall/status/1190703057161601024,2019-11-02T18:51:45.000Z,@KCTownHall,project-post,posts | replies,https://t.co/COA3dXvlfU -> http://KCTownHall.com/tires,@KCTownHall,#TiredOfTires,tire-related,0,0,0,0,Shared-account human authorship is not assigned.
RECOVERED-106,recovered,https://x.com/KCTownHall/status/1190704251263160322,2019-11-02T18:56:30.000Z,@KCTownHall,project-post,posts | replies,https://t.co/COA3dXvlfU -> http://KCTownHall.com/tires,@KCTownHall,#TiredOfTires,tire-related,0,0,0,0,Shared-account human authorship is not assigned.
RECOVERED-107,recovered,https://x.com/KCTownHall/status/1190705445008216064,2019-11-02T19:01:14.000Z,@KCTownHall,project-post,posts | replies,https://t.co/COA3dXvlfU -> http://KCTownHall.com/tires,@KCTownHall,#TiredOfTires,tire-related,0,0,0,0,Shared-account human authorship is not assigned.
RECOVERED-108,recovered,https://x.com/KCTownHall/status/1190707863292956672,2019-11-02T19:10:51.000Z,@KCTownHall,project-post,posts | replies,https://t.co/COA3dXvlfU -> http://KCTownHall.com/tires,@KCTownHall,#TiredOfTires,tire-related,0,0,0,0,Shared-account human authorship is not assigned.
RECOVERED-109,recovered,https://x.com/KCTownHall/status/1190708575510958080,2019-11-02T19:13:41.000Z,@KCTownHall,project-post,posts | replies,https://t.co/COA3dXvlfU -> http://KCTownHall.com/tires,@KCTownHall,#TiredOfTires,tire-related,0,0,0,0,Shared-account human authorship is not assigned.
RECOVERED-110,recovered,https://x.com/KCTownHall/status/1190709291289890823,2019-11-02T19:16:32.000Z,@KCTownHall,project-post,posts | replies,https://t.co/COA3dXvlfU -> http://KCTownHall.com/tires,@KCTownHall,#TiredOfTires,tire-related,0,3,0,0,Shared-account human authorship is not assigned.
RECOVERED-111,recovered,https://x.com/KCTownHall/status/1190710238212694016,2019-11-02T19:20:17.000Z,@KCTownHall,project-post,posts | replies,https://t.co/COA3dXvlfU -> http://KCTownHall.com/tires,@KCTownHall,#TiredOfTires,tire-related,0,0,0,0,Shared-account human authorship is not assigned.
RECOVERED-112,recovered,https://x.com/KCTownHall/status/1190995865814667266,2019-11-03T14:15:16.000Z,@KCTownHall,project-post,posts | replies,https://t.co/COA3dXvlfU -> http://KCTownHall.com/tires,@KCTownHall,#TiredOfTires,tire-related,0,0,0,0,Shared-account human authorship is not assigned.
RECOVERED-113,recovered,https://x.com/trutheresme/status/1191405830693904385,2019-11-04T17:24:19.000Z,@trutheresme,project-repost,posts | replies,,@trutheresme,,,0,6,14,0,Source-post engagement is not project-account traction.
RECOVERED-114,recovered,https://x.com/KansasCity/status/1209146067817762816,2019-12-23T16:17:42.000Z,@KansasCity,project-repost,posts | replies,,@KansasCity,,,1,4,2,0,Source-post engagement is not project-account traction.
RECOVERED-115,recovered,https://x.com/KansasCity/status/1209146457590247424,2019-12-23T16:19:15.000Z,@KansasCity,project-repost,posts | replies,,@KansasCity,,,1,1,1,0,Source-post engagement is not project-account traction.
RECOVERED-116,recovered,https://x.com/KCTownHall/status/1236102068680695808,2020-03-07T01:31:13.000Z,@KCTownHall,project-post,posts | replies,https://t.co/COA3dXvlfU -> http://KCTownHall.com/tires,@KCTownHall,#TiredOfTires,tire-related,0,0,0,0,Shared-account human authorship is not assigned.
RECOVERED-117,recovered,https://x.com/KCTownHall/status/1236385304245927936,2020-03-07T20:16:42.000Z,@KCTownHall,project-post,posts | replies,https://t.co/COA3dXvlfU -> http://KCTownHall.com/tires,@KCTownHall,#TiredOfTires,tire-related,0,0,0,0,Shared-account human authorship is not assigned.
RECOVERED-118,recovered,https://x.com/KCTownHall/status/1236689218174357504,2020-03-08T16:24:20.000Z,@KCTownHall,project-post,posts | replies,https://t.co/COA3dXvlfU -> http://KCTownHall.com/tires,@KCTownHall,#TiredofTires,tire-related,0,1,1,0,Shared-account human authorship is not assigned.
RECOVERED-119,recovered,https://x.com/KCTownHall/status/1252344939867824132,2020-04-20T21:14:35.000Z,@KCTownHall,project-post,posts | replies,https://t.co/ph5INJPPhQ -> https://youtu.be/onCKU-TuPhc || https://t.co/euxvbbF4q9 -> http://KCTownHall.com/COVID19/,@KCTownHall | @Robinson4kc,#COVID19,,1,0,0,0,Shared-account human authorship is not assigned.
RECOVERED-120,recovered,https://x.com/KCTownHall/status/1252345034038407168,2020-04-20T21:14:58.000Z,@KCTownHall,project-post,posts | replies,,@KCTownHall | @KCTenants | @ChildrensMercy | @SwopeHealth | @KCCAREHealth | @QuintonLucasKC | @KCMOHealthDept,,,0,0,0,0,Shared-account human authorship is not assigned.
RECOVERED-121,recovered,https://x.com/KCTownHall/status/1269121890733473795,2020-06-06T04:20:12.000Z,@KCTownHall,project-post,posts | replies,,@KCTownHall,#BlackLivesMatter | #KCMO | #Protest,,0,0,1,0,Shared-account human authorship is not assigned.
RECOVERED-122,recovered,https://x.com/KCTownHall/status/1269122302970662912,2020-06-06T04:21:50.000Z,@KCTownHall,project-post,posts | replies,,@KCTownHall,#BlackLivesMatter | #KCMO | #Protest,,0,0,0,0,Shared-account human authorship is not assigned.
RECOVERED-123,recovered,https://x.com/KCTownHall/status/1269122489461997568,2020-06-06T04:22:35.000Z,@KCTownHall,project-post,posts | replies,,@KCTownHall,#BlackLivesMatter | #KCMO | #Protest,,0,0,0,0,Shared-account human authorship is not assigned.
RECOVERED-124,recovered,https://x.com/KCTownHall/status/1269122641086033920,2020-06-06T04:23:11.000Z,@KCTownHall,project-post,posts | replies,,@KCTownHall,#BlackLivesMatter | #KCMO | #Protest,,0,0,0,0,Shared-account human authorship is not assigned.
RECOVERED-125,recovered,https://x.com/KCTownHall/status/1269122793544855552,2020-06-06T04:23:47.000Z,@KCTownHall,project-post,posts | replies,,@KCTownHall,#BlackLivesMatter | #KCMO | #Protest,,0,0,0,0,Shared-account human authorship is not assigned.
RECOVERED-126,recovered,https://x.com/KCTownHall/status/1269122955965009921,2020-06-06T04:24:26.000Z,@KCTownHall,project-post,posts | replies,,@KCTownHall,#BlackLivesMatter | #KCMO | #Protest,,0,0,0,0,Shared-account human authorship is not assigned.
RECOVERED-127,recovered,https://x.com/KCTownHall/status/1269123177885679618,2020-06-06T04:25:19.000Z,@KCTownHall,project-post,posts | replies,,@KCTownHall,#BlackLivesMatter | #KCMO | #Protest,,0,0,0,0,Shared-account human authorship is not assigned.
RECOVERED-128,recovered,https://x.com/KCTownHall/status/1269123270391091200,2020-06-06T04:25:41.000Z,@KCTownHall,project-post,posts | replies,,@KCTownHall,#BlackLivesMatter | #KCMO | #Protest,,0,0,0,0,Shared-account human authorship is not assigned.
RECOVERED-129,recovered,https://x.com/KCTownHall/status/1269123426414985216,2020-06-06T04:26:18.000Z,@KCTownHall,project-post,posts | replies,,@KCTownHall,#BlackLivesMatter | #KCMO | #Protest,,0,0,0,0,Shared-account human authorship is not assigned.
RECOVERED-130,recovered,https://x.com/KCTownHall/status/1269123738911625217,2020-06-06T04:27:33.000Z,@KCTownHall,project-post,posts | replies,,@KCTownHall,#BlackLivesMatter | #KCMO | #Protest,,0,0,1,0,Shared-account human authorship is not assigned.
RECOVERED-131,recovered,https://x.com/KCTownHall/status/1269123813171757059,2020-06-06T04:27:50.000Z,@KCTownHall,project-post,posts | replies,,@KCTownHall,#BlackLivesMatter | #KCMO | #Protest,,0,0,1,0,Shared-account human authorship is not assigned.
RECOVERED-132,recovered,https://x.com/KCTownHall/status/1269123902070042624,2020-06-06T04:28:12.000Z,@KCTownHall,project-post,posts | replies,,@KCTownHall,#BlackLivesMatter | #KCMO | #Protest,,0,0,1,0,Shared-account human authorship is not assigned.
RECOVERED-133,recovered,https://x.com/KCTownHall/status/1288612274228396032,2020-07-29T23:08:02.000Z,@KCTownHall,project-post,posts | replies,https://t.co/COA3dXvlfU -> http://KCTownHall.com/tires,@KCTownHall,#TiredOfTires,tire-related,0,0,0,0,Shared-account human authorship is not assigned.
RECOVERED-134,recovered,https://x.com/KCTownHall/status/1288952731982598144,2020-07-30T21:40:53.000Z,@KCTownHall,project-post,posts | replies,https://t.co/COA3dXvlfU -> http://KCTownHall.com/tires,@KCTownHall,#TiredOfTires,tire-related,0,1,2,0,Shared-account human authorship is not assigned.
RECOVERED-135,recovered,https://x.com/KCTownHall/status/1289313255966617602,2020-07-31T21:33:29.000Z,@KCTownHall,project-post,posts | replies,https://t.co/COA3dXvlfU -> http://KCTownHall.com/tires,@KCTownHall,#TiredOfTires,tire-related,0,0,0,0,Shared-account human authorship is not assigned.
RECOVERED-136,recovered,https://x.com/KCTownHall/status/1289350670730948608,2020-08-01T00:02:09.000Z,@KCTownHall,project-post,posts | replies,https://t.co/COA3dXdJRk -> http://KCTownHall.com/tires,@KCTownHall,#TiredOfTires,tire-related,0,1,1,0,Shared-account human authorship is not assigned.
RECOVERED-137,recovered,https://x.com/KCTownHall/status/1289350962709065729,2020-08-01T00:03:19.000Z,@KCTownHall,project-post,posts | replies,https://t.co/COA3dXdJRk -> http://KCTownHall.com/tires,@KCTownHall,#TiredOfTires,tire-related,0,0,0,0,Shared-account human authorship is not assigned.
RECOVERED-138,recovered,https://x.com/KCTownHall/status/1289634461638778880,2020-08-01T18:49:50.000Z,@KCTownHall,project-post,posts | replies,https://t.co/COA3dXdJRk -> http://KCTownHall.com/tires,@KCTownHall,#TiredOfTires,tire-related,0,0,0,0,Shared-account human authorship is not assigned.
RECOVERED-139,recovered,https://x.com/KCTownHall/status/1289713591843565569,2020-08-02T00:04:16.000Z,@KCTownHall,project-post,posts | replies,https://t.co/COA3dXdJRk -> http://KCTownHall.com/tires,@KCTownHall,#TiredOfTires,tire-related,1,1,7,0,Shared-account human authorship is not assigned.
RECOVERED-140,recovered,https://x.com/KCTownHall/status/1289714654579580928,2020-08-02T00:08:30.000Z,@KCTownHall,project-reply,replies,,@KCTownHall,,,0,0,0,0,Shared-account human authorship is not assigned.
RECOVERED-141,recovered,https://x.com/KCTownHall/status/1301921883831570434,2020-09-04T16:35:40.000Z,@KCTownHall,project-post,posts | replies,https://t.co/COA3dXvlfU -> http://KCTownHall.com/tires,@KCTownHall,#TiredOfTires,tire-related,1,1,1,0,Shared-account human authorship is not assigned.
RECOVERED-142,recovered,https://x.com/KCTownHall/status/1301997561356652546,2020-09-04T21:36:23.000Z,@KCTownHall,project-post,posts | replies,https://t.co/PIFQdEJmOM -> http://kctownhall.com/tires,@KCTownHall,#TiredOfTires,tire-related,0,1,1,0,Shared-account human authorship is not assigned.
RECOVERED-143,recovered,https://x.com/KCTownHall/status/1302003448833953792,2020-09-04T21:59:46.000Z,@KCTownHall,project-reply,replies,,@KCTownHall,#TiredofTires,tire-related,1,1,1,0,Shared-account human authorship is not assigned.
RECOVERED-144,recovered,https://x.com/KCTownHall/status/1302003767831912448,2020-09-04T22:01:02.000Z,@KCTownHall,project-reply,replies,,@KCTownHall,#TiredofTires,tire-related,0,0,0,0,Shared-account human authorship is not assigned.
RECOVERED-145,recovered,https://x.com/KCTownHall/status/1302004390585421825,2020-09-04T22:03:31.000Z,@KCTownHall,project-post,posts | replies,https://t.co/PIFQdEJmOM -> http://kctownhall.com/tires,@KCTownHall,#TiredOfTires,tire-related,0,1,1,0,Shared-account human authorship is not assigned.
RECOVERED-146,recovered,https://x.com/KCTownHall/status/1302281027960926210,2020-09-05T16:22:46.000Z,@KCTownHall,project-post,posts | replies,https://t.co/PIFQdEJmOM -> http://kctownhall.com/tires,@KCTownHall,#TiredOfTires,tire-related,0,0,0,0,Shared-account human authorship is not assigned.
RECOVERED-147,recovered,https://x.com/KCTownHall/status/1302311398999982081,2020-09-05T18:23:27.000Z,@KCTownHall,project-post,posts | replies,https://t.co/PIFQdEJmOM -> http://kctownhall.com/tires,@KCTownHall,#TiredOfTires,tire-related,0,0,0,0,Shared-account human authorship is not assigned.
RECOVERED-148,recovered,https://x.com/KCTownHall/status/1302391602812518401,2020-09-05T23:42:10.000Z,@KCTownHall,project-post,posts | replies,https://t.co/COA3dXvlfU -> http://KCTownHall.com/tires,@KCTownHall,#TiredOfTires,tire-related,0,0,2,0,Shared-account human authorship is not assigned.
RECOVERED-149,recovered,https://x.com/KCTownHall/status/1311091878306213889,2020-09-29T23:53:57.000Z,@KCTownHall,project-post,posts | replies,https://t.co/COA3dXvlfU -> http://KCTownHall.com/tires,@KCTownHall,#TiredOfTires,tire-related,0,1,1,0,Shared-account human authorship is not assigned.
RECOVERED-150,recovered,https://x.com/KCTownHall/status/1312091287273824265,2020-10-02T18:05:15.000Z,@KCTownHall,project-post,posts | replies,https://t.co/COA3dXvlfU -> http://KCTownHall.com/tires,@KCTownHall,#TiredOfTires,tire-related,0,0,0,0,Shared-account human authorship is not assigned.
RECOVERED-151,recovered,https://x.com/KCTownHall/status/1312167901252608001,2020-10-02T23:09:41.000Z,@KCTownHall,project-post,posts | replies,https://t.co/Ig0fb0ozYH -> http://Kctownhall.com/tires/,@KCTownHall,#TiredOfTires,tire-related,0,0,0,0,Shared-account human authorship is not assigned.
RECOVERED-152,recovered,https://x.com/KCTownHall/status/1312482560316895232,2020-10-03T20:00:01.000Z,@KCTownHall,project-post,posts | replies,https://t.co/Ig0fb0ozYH -> http://Kctownhall.com/tires/,@KCTownHall,#TiredOfTires,tire-related,0,1,1,0,Shared-account human authorship is not assigned.
RECOVERED-153,recovered,https://x.com/KCTownHall/status/1312530339051393024,2020-10-03T23:09:53.000Z,@KCTownHall,project-post,posts | replies,https://t.co/COA3dXdJRk -> http://KCTownHall.com/tires,@KCTownHall,,tire-related,0,1,3,0,Shared-account human authorship is not assigned.
RECOVERED-154,recovered,https://x.com/KCTownHall/status/1312649591469342722,2020-10-04T07:03:45.000Z,@KCTownHall,project-post,posts | replies,https://t.co/Ig0fb0Gbnh -> http://Kctownhall.com/tires/,@KCTownHall,#TiredOfTires,tire-related,0,0,0,0,Shared-account human authorship is not assigned.
RECOVERED-155,recovered,https://x.com/KCTownHall/status/1324836875568320512,2020-11-06T22:11:40.000Z,@KCTownHall,project-post,posts | replies,https://t.co/COA3dXvlfU -> http://KCTownHall.com/tires,@KCTownHall,#TiredOfTires,tire-related,0,0,0,0,Shared-account human authorship is not assigned.
RECOVERED-156,recovered,https://x.com/KCTownHall/status/1325099960933748744,2020-11-07T15:37:04.000Z,@KCTownHall,project-post,posts | replies,https://t.co/COA3dXvlfU -> http://KCTownHall.com/tires,@KCTownHall,#TiredOfTires,tire-related,0,0,0,0,Shared-account human authorship is not assigned.
RECOVERED-157,recovered,https://x.com/KCTownHall/status/1367257547724509189,2021-03-03T23:36:16.000Z,@KCTownHall,project-post,posts | replies,https://t.co/COA3dXvlfU -> http://KCTownHall.com/tires,@KCTownHall | @Robinson4kc | @QuintonLucasKC,#TiredOfTires,tire-related,0,0,0,0,Shared-account human authorship is not assigned.
RECOVERED-158,recovered,https://x.com/KCTownHall/status/1367878555556777989,2021-03-05T16:43:56.000Z,@KCTownHall,project-post,posts | replies,https://t.co/COA3dXvlfU -> http://KCTownHall.com/tires,@KCTownHall | @Robinson4kc | @QuintonLucasKC,#TiredOfTires,tire-related,0,1,1,0,Shared-account human authorship is not assigned.
RECOVERED-159,recovered,https://x.com/KCTownHall/status/1368272511490744325,2021-03-06T18:49:22.000Z,@KCTownHall,project-post,posts | replies,https://t.co/COA3dXvlfU -> http://KCTownHall.com/tires,@KCTownHall | @Robinson4kc | @QuintonLucasKC,#TiredOfTires,tire-related,0,0,0,0,Shared-account human authorship is not assigned.
RECOVERED-160,recovered,https://x.com/KCTownHall/status/1368365228765945858,2021-03-07T00:57:48.000Z,@KCTownHall,project-post,posts | replies,https://t.co/COA3dXvlfU -> http://KCTownHall.com/tires,@KCTownHall,#TiredOfTires,tire-related,0,0,1,0,Shared-account human authorship is not assigned.
RECOVERED-161,recovered,https://x.com/KCTownHall/status/1423734504691314698,2021-08-06T19:55:32.000Z,@KCTownHall,project-post,posts | replies,https://t.co/TTxnCGI26V -> https://kctownhall.com/tires/,@KCTownHall | @Robinson4kc | @QuintonLucasKC,#TiredOfTires,tire-related,1,4,3,0,Shared-account human authorship is not assigned.
RECOVERED-162,recovered,https://x.com/KCTownHall/status/1423795274879836160,2021-08-06T23:57:01.000Z,@KCTownHall,project-reply,replies,https://t.co/rIBQz797HJ -> https://KCTownHall.com/tires,@KCTownHall | @TroostwoodKCMO,#TiredOfTires,tire-related,1,1,1,0,Shared-account human authorship is not assigned.
RECOVERED-163,recovered,https://x.com/KCTownHall/status/1424055770472198146,2021-08-07T17:12:08.000Z,@KCTownHall,project-post,posts | replies,https://t.co/rIBQz797HJ -> https://KCTownHall.com/tires,@KCTownHall | @Robinson4kc | @QuintonLucasKC,#TiredOfTires,tire-related,0,0,0,0,Shared-account human authorship is not assigned.
RECOVERED-164,recovered,https://x.com/KCTownHall/status/1424106887482683397,2021-08-07T20:35:15.000Z,@KCTownHall,project-post,posts | replies,https://t.co/rIBQz797HJ -> https://KCTownHall.com/tires,@KCTownHall,#TiredOfTires,tire-related,0,0,0,0,Shared-account human authorship is not assigned.
RECOVERED-165,recovered,https://x.com/KCTownHall/status/1424143001505386498,2021-08-07T22:58:45.000Z,@KCTownHall,project-post,posts | replies,https://t.co/COA3dXvlfU -> http://KCTownHall.com/tires,@KCTownHall,#TiredOfTires,tire-related,0,0,0,0,Shared-account human authorship is not assigned.
RECOVERED-166,recovered,https://x.com/KCTownHall/status/1433862792990400527,2021-09-03T18:41:44.000Z,@KCTownHall,project-post,posts | replies,https://t.co/TTxnCGI26V -> https://kctownhall.com/tires/,@KCTownHall | @Robinson4kc | @QuintonLucasKC,#TiredOfTires,tire-related,0,2,3,0,Shared-account human authorship is not assigned.
RECOVERED-167,recovered,https://x.com/KCTownHall/status/1434323234346967046,2021-09-05T01:11:22.000Z,@KCTownHall,project-post,posts | replies,https://t.co/COA3dXvlfU -> http://KCTownHall.com/tires,@KCTownHall,#TiredOfTires,tire-related,0,0,0,0,Shared-account human authorship is not assigned.
RECOVERED-168,recovered,https://x.com/KCTownHall/status/1444329446287290382,2021-10-02T15:52:28.000Z,@KCTownHall,project-post,posts | replies,https://t.co/COA3dXvlfU -> http://KCTownHall.com/tires,@KCTownHall | @Robinson4kc | @QuintonLucasKC,#TiredOfTires,tire-related,0,0,0,0,Shared-account human authorship is not assigned.
RECOVERED-169,recovered,https://x.com/KCTownHall/status/1444466053665509377,2021-10-03T00:55:18.000Z,@KCTownHall,project-post,posts | replies,https://t.co/COA3dXvlfU -> http://KCTownHall.com/tires,@KCTownHall,#TiredOfTires,tire-related,0,0,2,0,Shared-account human authorship is not assigned.
RECOVERED-170,recovered,https://x.com/KCTownHall/status/1457012244588412935,2021-11-06T15:49:23.000Z,@KCTownHall,project-post,posts | replies,https://t.co/TTxnCGI26V -> https://kctownhall.com/tires/,@KCTownHall | @Robinson4kc | @QuintonLucasKC,#TiredOfTires,tire-related,1,3,7,0,Shared-account human authorship is not assigned.
RECOVERED-171,recovered,https://x.com/KCTownHall/status/1457031966444896259,2021-11-06T17:07:45.000Z,@KCTownHall,project-reply,replies,,@KCTownHall | @BarsottiKlb | @Robinson4kc | @QuintonLucasKC,,,0,0,0,0,Shared-account human authorship is not assigned.
RECOVERED-172,recovered,https://x.com/KCTownHall/status/1457046287753285637,2021-11-06T18:04:40.000Z,@KCTownHall,project-post,posts | replies,,@KCTownHall,#TiredOfTires,tire-related,0,0,1,0,Shared-account human authorship is not assigned.
RECOVERED-173,recovered,https://x.com/KCTownHall/status/1457371688300056580,2021-11-07T15:37:41.000Z,@KCTownHall,project-post,posts | replies,https://t.co/PIFQdEJmOM -> http://kctownhall.com/tires,@KCTownHall,#TiredOfTires,tire-related,0,0,0,0,Shared-account human authorship is not assigned.
RECOVERED-174,recovered,https://x.com/KCTownHall/status/1500289857750401026,2022-03-06T01:59:10.000Z,@KCTownHall,project-post,posts | replies,https://t.co/TTxnCGqqIl -> https://kctownhall.com/tires/,@KCTownHall | @Robinson4kc | @QuintonLucasKC,#TiredOfTires,tire-related,0,2,9,0,Shared-account human authorship is not assigned.
RECOVERED-175,recovered,https://x.com/KCTownHall/status/1510295173548367877,2022-04-02T16:36:43.000Z,@KCTownHall,project-post,posts | replies,https://t.co/COA3dXvlfU -> http://KCTownHall.com/tires,@KCTownHall | @Robinson4kc | @QuintonLucasKC,#TiredOfTires,tire-related,0,0,0,0,Shared-account human authorship is not assigned.
RECOVERED-176,recovered,https://x.com/KCTownHall/status/1511091801087692813,2022-04-04T21:22:14.000Z,@KCTownHall,project-post,posts | replies,https://t.co/COA3dXvlfU -> http://KCTownHall.com/tires,@KCTownHall | @Robinson4kc | @QuintonLucasKC,#TiredOfTires,tire-related,0,0,1,0,Shared-account human authorship is not assigned.
RECOVERED-177,recovered,https://x.com/KCTownHall/status/1525157225542651910,2022-05-13T16:53:13.000Z,@KCTownHall,project-post,posts | replies,https://t.co/COA3dXvlfU -> http://KCTownHall.com/tires,@KCTownHall | @Robinson4kc | @QuintonLucasKC,#TiredOfTires,tire-related,0,0,0,0,Shared-account human authorship is not assigned.
RECOVERED-178,recovered,https://x.com/KCTownHall/status/1532864718490292226,2022-06-03T23:20:02.000Z,@KCTownHall,project-post,posts | replies,https://t.co/5ABuIyj6CT -> http://kcTownHall.com/tires,@KCTownHall | @Robinson4kc | @QuintonLucasKC,#TiredOfTires,tire-related,0,2,2,1,Shared-account human authorship is not assigned.
RECOVERED-179,recovered,https://x.com/KCTownHall/status/1542991559674716165,2022-07-01T22:00:29.000Z,@KCTownHall,project-post,posts | replies,https://t.co/5ABuIyj6CT -> http://kcTownHall.com/tires,@KCTownHall | @Robinson4kc | @QuintonLucasKC,#TiredOfTires,tire-related,0,0,1,0,Shared-account human authorship is not assigned.
RECOVERED-180,recovered,https://x.com/KCTownHall/status/1543272488318242817,2022-07-02T16:36:48.000Z,@KCTownHall,project-post,posts | replies,https://t.co/5ABuIyj6CT -> http://kcTownHall.com/tires,@KCTownHall | @Robinson4kc | @QuintonLucasKC,#TiredOfTires,tire-related,0,0,0,0,Shared-account human authorship is not assigned.
RECOVERED-181,recovered,https://x.com/KCTownHall/status/1555940701338206208,2022-08-06T15:35:45.000Z,@KCTownHall,project-post,posts | replies,https://t.co/5ABuIyj6CT -> http://kcTownHall.com/tires,@KCTownHall | @Robinson4kc | @QuintonLucasKC,#TiredOfTires,tire-related,0,0,1,0,Shared-account human authorship is not assigned.
RECOVERED-182,recovered,https://x.com/KCTownHall/status/1566197849297195009,2022-09-03T22:54:00.000Z,@KCTownHall,project-post,posts | replies,,@KCTownHall | @Robinson4kc | @QuintonLucasKC,#TiredOfTires,tire-related,0,3,8,0,Shared-account human authorship is not assigned.
RECOVERED-183,recovered,https://x.com/Robinson4kc/status/1573651421681139714,2022-09-24T12:31:50.000Z,@Robinson4kc,project-repost,posts | replies,,@Robinson4kc,#CleanUp | #TrashDay | #3rdDistrictStrong | #KCStrong,,0,4,6,0,Source-post engagement is not project-account traction.
