record_id,sequence_newest_to_oldest,record_form,primary_theme,theme_count,stakeholder_group_count,outbound_url_count,reactions_observed_2026_07_14,comments_observed_2026_07_14,shares_observed_2026_07_14,public_locator
nycac-fb-3ff7f29f2e6416bc,1,original-media-post,commercial-rent-and-tenancy,1,0,0,2,2,0,https://www.facebook.com/photo/?fbid=2960969320824103&set=a.544849644343446
nycac-fb-bdd60150d4df3968,2,event-route,public-meetings-and-participation,1,1,0,0,0,0,https://www.facebook.com/events/503995897624880/
nycac-fb-94fea2a24f5938f7,3,reshared-story,cultural-space-care,2,1,0,1,0,0,https://www.facebook.com/nycartc
nycac-fb-30e5bd7e7cee26cc,4,original-media-post,event-and-cultural-distribution,1,0,0,5,0,1,https://www.facebook.com/photo/?fbid=2796822323905471&set=a.544849644343446
nycac-fb-1fbab2234fdd8ffa,5,standalone-post,cultural-space-care,2,0,0,0,0,0,https://www.facebook.com/nycartc
nycac-fb-2fcf964038458220,6,standalone-post,cultural-space-care,2,0,0,1,0,0,https://www.facebook.com/nycartc
nycac-fb-b6046ca77a157b72,7,standalone-post,general-coalition-communication,0,0,0,0,0,0,https://www.facebook.com/nycartc
nycac-fb-8cc3b06ca955060c,8,standalone-post,nightlife-enforcement-and-governance,1,1,0,1,0,0,https://www.facebook.com/nycartc
nycac-fb-807f42cd465798ca,9,standalone-post,commercial-rent-and-tenancy,3,0,0,5,0,5,https://www.facebook.com/nycartc
nycac-fb-33a4b33f2900df0b,10,standalone-post,nightlife-enforcement-and-governance,2,1,0,0,0,0,https://www.facebook.com/nycartc
nycac-fb-442ebc2ee8bbaa3b,11,standalone-post,cultural-space-care,2,1,0,2,0,0,https://www.facebook.com/nycartc
nycac-fb-c5c427f9d8681bd5,12,event-route,funding-and-operational-resources,2,0,0,0,0,0,https://www.facebook.com/events/772824526895291/
nycac-fb-ca70598aba6efe09,13,event-route,funding-and-operational-resources,2,0,0,2,1,0,https://www.facebook.com/events/772824526895291/
nycac-fb-a661401b9578f79c,14,event-route,funding-and-operational-resources,1,0,0,3,1,0,https://www.facebook.com/events/772824526895291/
nycac-fb-effa8ccb0b794fa7,15,standalone-post,general-coalition-communication,0,0,0,3,3,1,https://www.facebook.com/nycartc
nycac-fb-6ab7d9853a725c68,16,original-media-post,nightlife-enforcement-and-governance,1,2,0,0,1,0,https://www.facebook.com/photo/?fbid=2686676394920065&set=a.544849644343446
nycac-fb-6dfe640fc9802ef3,17,standalone-post,general-coalition-communication,0,0,0,1,0,1,https://www.facebook.com/nycartc
nycac-fb-fefae2362cdd2094,18,standalone-post,cultural-space-care,1,0,0,1,1,0,https://www.facebook.com/nycartc
nycac-fb-48ebf1ae445d8f1a,19,standalone-post,nightlife-enforcement-and-governance,1,0,0,1,1,0,https://www.facebook.com/nycartc
nycac-fb-14816065286b9d06,20,standalone-post,cultural-space-care,1,0,0,4,1,0,https://www.facebook.com/nycartc
nycac-fb-df62961ab2ce00c8,21,standalone-post,general-coalition-communication,0,0,0,0,0,0,https://www.facebook.com/nycartc
nycac-fb-60379cca80e8a520,22,standalone-post,cultural-space-care,1,0,0,1,1,0,https://www.facebook.com/nycartc
nycac-fb-83ba1e610c0b1fd1,23,standalone-post,cultural-space-care,2,0,0,3,0,0,https://www.facebook.com/nycartc
nycac-fb-3157b32359f39bbb,24,standalone-post,cultural-space-care,2,0,0,1,1,0,https://www.facebook.com/nycartc
nycac-fb-5c47093faa3247e0,25,standalone-post,cultural-space-care,2,0,0,2,1,0,https://www.facebook.com/nycartc
nycac-fb-494abc2495496c09,26,standalone-post,commercial-rent-and-tenancy,2,0,0,4,1,0,https://www.facebook.com/nycartc
nycac-fb-5e66f5e3d2bca30d,27,standalone-post,general-coalition-communication,0,0,0,6,0,0,https://www.facebook.com/nycartc
nycac-fb-4f67d78f4687063c,28,event-route,cultural-space-care,2,0,0,5,1,0,https://www.facebook.com/events/208435106806073/
nycac-fb-a7fc13e71f774e57,29,standalone-post,nightlife-enforcement-and-governance,2,1,0,13,0,1,https://www.facebook.com/nycartc
nycac-fb-dbe3dd51828ae7d6,30,original-media-post,general-coalition-communication,0,0,0,3,0,0,https://www.facebook.com/photo/?fbid=2597461867174852&set=a.544849644343446
nycac-fb-8235ee39e8fb47ff,31,original-media-post,general-coalition-communication,0,0,0,10,0,0,https://www.facebook.com/photo/?fbid=2597455297175509&set=a.544849644343446
nycac-fb-baccdcb24ab75428,32,standalone-post,funding-and-operational-resources,1,0,0,2,0,0,https://www.facebook.com/nycartc
nycac-fb-b973683ee0c7a038,33,standalone-post,general-coalition-communication,0,0,0,1,0,0,https://www.facebook.com/nycartc
nycac-fb-94577c4786fdaf71,34,original-media-post,general-coalition-communication,0,0,0,1,0,0,https://www.facebook.com/photo/?fbid=2591180771136295&set=a.544849644343446
nycac-fb-b399f2210163390b,35,source-or-resource-route,general-coalition-communication,0,0,1,2,1,4,https://www.facebook.com/nycartc
nycac-fb-507e770ac1058b01,36,standalone-post,cultural-space-care,2,0,0,0,0,0,https://www.facebook.com/nycartc
nycac-fb-a0389297a152396e,37,standalone-post,funding-and-operational-resources,1,0,0,0,0,0,https://www.facebook.com/nycartc
nycac-fb-e2f30638b0b50018,38,standalone-post,cultural-space-care,1,0,0,4,1,1,https://www.facebook.com/nycartc
nycac-fb-30897e1c99fa406b,39,standalone-post,general-coalition-communication,0,0,0,0,0,0,https://www.facebook.com/nycartc
nycac-fb-1ca967cb35ddd344,40,reshared-story,nightlife-enforcement-and-governance,2,1,0,7,0,2,https://www.facebook.com/nycartc
nycac-fb-2bdfc7eea0a52f83,41,standalone-post,commercial-rent-and-tenancy,2,0,0,13,1,0,https://www.facebook.com/nycartc
nycac-fb-318df67a2e0190ae,42,reshared-story,nightlife-enforcement-and-governance,4,0,0,2,0,3,https://www.facebook.com/nycartc
nycac-fb-42b6e25b5585aeee,43,standalone-post,cultural-space-care,2,1,0,2,2,0,https://www.facebook.com/nycartc
nycac-fb-3bf3eab1b0c19844,44,reshared-story,cultural-space-care,2,0,1,5,2,4,https://www.facebook.com/nycartc
nycac-fb-4c596291e2ced112,45,source-or-resource-route,commercial-rent-and-tenancy,2,0,1,40,5,36,https://www.facebook.com/nycartc
nycac-fb-0b8bc06bccb84af0,46,source-or-resource-route,press-and-public-knowledge,1,0,1,6,2,0,https://www.facebook.com/nycartc
nycac-fb-537fae3b4663afa1,47,standalone-post,funding-and-operational-resources,2,0,0,2,1,0,https://www.facebook.com/nycartc
nycac-fb-1a3edfac19b1177d,48,standalone-post,public-meetings-and-participation,2,0,0,1,0,0,https://www.facebook.com/nycartc
nycac-fb-269b9d66789cb72e,49,source-or-resource-route,cultural-space-care,2,0,1,13,3,20,https://www.facebook.com/nycartc
nycac-fb-92429cb76500989c,50,standalone-post,general-coalition-communication,0,0,0,2,0,1,https://www.facebook.com/nycartc
nycac-fb-052c56d811acb09b,51,standalone-post,general-coalition-communication,0,0,0,2,0,0,https://www.facebook.com/nycartc
nycac-fb-d06f540543fc5eca,52,standalone-post,press-and-public-knowledge,1,0,0,3,0,1,https://www.facebook.com/nycartc
nycac-fb-1a06c15d7e129552,53,standalone-post,funding-and-operational-resources,1,0,0,3,0,1,https://www.facebook.com/nycartc
nycac-fb-62dd630a5ad919a5,54,standalone-post,general-coalition-communication,0,0,0,5,2,0,https://www.facebook.com/nycartc
nycac-fb-912b31f757d6e739,55,source-or-resource-route,funding-and-operational-resources,1,0,1,1,0,0,https://www.facebook.com/nycartc
nycac-fb-53f665dcab789d19,56,source-or-resource-route,funding-and-operational-resources,1,0,2,8,7,6,https://www.facebook.com/nycartc
nycac-fb-f8726ec99b3e4563,57,original-media-post,general-coalition-communication,0,0,0,1,2,0,https://www.facebook.com/photo/?fbid=2524364801151226&set=a.544849644343446
nycac-fb-75b96cb692a17948,58,standalone-post,funding-and-operational-resources,1,0,0,4,0,2,https://www.facebook.com/nycartc
nycac-fb-691f5ce3895319da,59,standalone-post,event-and-cultural-distribution,1,0,0,2,0,0,https://www.facebook.com/nycartc
nycac-fb-4bafbbeb0f442483,60,source-or-resource-route,funding-and-operational-resources,1,0,1,0,0,0,https://www.facebook.com/nycartc
nycac-fb-be42a1d8c2e8c011,61,reshared-story,funding-and-operational-resources,1,0,0,3,1,0,https://www.facebook.com/events/1371973329662017/
nycac-fb-0d2f3468d01b9d33,62,event-route,funding-and-operational-resources,2,0,0,0,0,0,https://www.facebook.com/events/1371973329662017/
nycac-fb-4f1e9ab9bf54a600,63,event-route,funding-and-operational-resources,2,0,0,3,0,0,https://www.facebook.com/events/1371973329662017/
nycac-fb-a21bf8c1e99a15da,64,standalone-post,cultural-space-care,3,0,0,1,1,1,https://www.facebook.com/nycartc
nycac-fb-624208837af2c6d1,65,standalone-post,commercial-rent-and-tenancy,1,0,0,8,0,10,https://www.facebook.com/nycartc
nycac-fb-3d3b6780daca68c1,66,standalone-post,general-coalition-communication,0,0,0,4,2,0,https://www.facebook.com/nycartc
nycac-fb-6833d457885aa7b5,67,standalone-post,cultural-space-care,2,0,0,7,1,6,https://www.facebook.com/nycartc
nycac-fb-327d37675a122a7c,68,standalone-post,funding-and-operational-resources,1,1,0,5,0,8,https://www.facebook.com/nycartc
nycac-fb-3668a51958e477c2,69,event-route,event-and-cultural-distribution,1,0,0,0,0,0,https://www.facebook.com/events/184969502815604/
nycac-fb-b251fe70a896cc7e,70,standalone-post,commercial-rent-and-tenancy,1,0,0,8,0,1,https://www.facebook.com/nycartc
nycac-fb-90e7e5c6901f2483,71,standalone-post,general-coalition-communication,0,0,0,8,0,1,https://www.facebook.com/nycartc
nycac-fb-72d510fb360cb67a,72,event-route,commercial-rent-and-tenancy,1,0,0,9,0,0,https://www.facebook.com/events/824636481335600/
nycac-fb-f0a9ede4f6df59c4,73,standalone-post,general-coalition-communication,0,0,0,0,0,1,https://www.facebook.com/nycartc
nycac-fb-0a6550ce5c6156e6,74,standalone-post,press-and-public-knowledge,1,1,0,6,0,1,https://www.facebook.com/nycartc
nycac-fb-e466229c5f03509f,75,standalone-post,press-and-public-knowledge,1,0,0,11,0,1,https://www.facebook.com/nycartc
nycac-fb-d7a0aa9fe49fdd7c,76,original-media-post,commercial-rent-and-tenancy,2,1,1,4,0,2,https://www.facebook.com/photo/?fbid=2418139538440420&set=a.544849644343446
nycac-fb-8409863444b85743,77,standalone-post,commercial-rent-and-tenancy,3,0,0,1,0,0,https://www.facebook.com/nycartc
nycac-fb-bc9cb13dd921aaa5,78,event-route,commercial-rent-and-tenancy,4,1,0,1,0,0,https://www.facebook.com/events/511065806145986/
nycac-fb-487d3f9f05bd3f66,79,reshared-story,nightlife-enforcement-and-governance,3,0,0,1,0,0,https://www.facebook.com/nycartc
nycac-fb-7d95bf9ba4da3d57,80,original-media-post,general-coalition-communication,0,1,0,9,1,2,https://www.facebook.com/photo/?fbid=2416943021893405&set=a.544849644343446
nycac-fb-085ab0736df571e1,81,event-route,commercial-rent-and-tenancy,2,1,0,1,0,0,https://www.facebook.com/events/511065806145986/
nycac-fb-a583a97ccad416cb,82,original-media-post,commercial-rent-and-tenancy,1,1,0,2,1,0,https://www.facebook.com/photo/?fbid=2416929615228079&set=a.544849644343446
nycac-fb-eb2ff15feb13d4c9,83,original-media-post,commercial-rent-and-tenancy,3,1,0,4,1,2,https://www.facebook.com/photo/?fbid=2416859301901777&set=a.544849644343446
nycac-fb-b00d4d76d3c6edf9,84,standalone-post,commercial-rent-and-tenancy,3,0,0,0,0,0,https://www.facebook.com/nycartc
nycac-fb-f3784c2ec1610400,85,original-media-post,commercial-rent-and-tenancy,1,1,0,4,1,0,https://www.facebook.com/photo/?fbid=2416903985230642&set=a.544849644343446
nycac-fb-0908e503d55ec5cd,86,event-route,commercial-rent-and-tenancy,2,2,0,0,0,0,https://www.facebook.com/events/511065806145986/
nycac-fb-9f98839264eceb44,87,event-route,commercial-rent-and-tenancy,3,1,0,0,0,0,https://www.facebook.com/events/511065806145986/
nycac-fb-5b5663ddfb886fd4,88,original-media-post,general-coalition-communication,0,1,0,3,1,0,https://www.facebook.com/photo/?fbid=2416899161897791&set=a.544849644343446
nycac-fb-28281d5ced478521,89,original-media-post,general-coalition-communication,0,1,0,9,1,0,https://www.facebook.com/photo/?fbid=2416849141902793&set=a.544849644343446
nycac-fb-13b9ca88afab912c,90,original-media-post,general-coalition-communication,0,1,0,6,1,1,https://www.facebook.com/photo/?fbid=2416804228573951&set=a.544849644343446
nycac-fb-59b83d85872b951d,91,original-media-post,commercial-rent-and-tenancy,2,1,0,13,1,2,https://www.facebook.com/photo/?fbid=2416154691972238&set=a.544849644343446
nycac-fb-c9d6eaf15d785ca3,92,standalone-post,commercial-rent-and-tenancy,1,1,0,0,0,0,https://www.facebook.com/nycartc
nycac-fb-5fa6a4081c78325e,93,standalone-post,general-coalition-communication,0,0,0,9,2,0,https://www.facebook.com/nycartc
nycac-fb-f700f8da3647c2fb,94,event-route,commercial-rent-and-tenancy,2,1,0,8,0,0,https://www.facebook.com/events/511065806145986
nycac-fb-b055b6ac64227c10,95,event-route,commercial-rent-and-tenancy,3,2,0,6,0,0,https://www.facebook.com/events/511065806145986
nycac-fb-138f8480ff079e15,96,event-route,commercial-rent-and-tenancy,1,0,0,0,0,0,https://www.facebook.com/events/1014934072187610/
nycac-fb-bd59619fea3f2122,97,event-route,commercial-rent-and-tenancy,1,0,0,1,0,0,https://www.facebook.com/events/1014934072187610/
nycac-fb-479ce4b79eec0950,98,event-route,commercial-rent-and-tenancy,1,1,0,1,0,0,https://www.facebook.com/events/1014934072187610/
nycac-fb-c211692df5fc3936,99,event-route,commercial-rent-and-tenancy,1,1,0,2,0,0,https://www.facebook.com/events/1014934072187610/
nycac-fb-e6be675635757d7c,100,event-route,commercial-rent-and-tenancy,3,0,0,1,0,0,https://www.facebook.com/events/1014934072187610/
nycac-fb-91298c30f6bf404a,101,event-route,commercial-rent-and-tenancy,1,0,0,1,0,0,https://www.facebook.com/events/1014934072187610/
nycac-fb-764bdeba00543800,102,event-route,commercial-rent-and-tenancy,1,0,0,3,0,0,https://www.facebook.com/events/1014934072187610/
nycac-fb-f1247786a067707b,103,standalone-post,commercial-rent-and-tenancy,1,0,0,8,1,1,https://www.facebook.com/nycartc
nycac-fb-1176a9960c574169,104,event-route,commercial-rent-and-tenancy,1,0,0,2,0,0,https://www.facebook.com/events/1014934072187610/
nycac-fb-ba1cc301029bf8bf,105,event-route,commercial-rent-and-tenancy,1,0,0,6,0,0,https://www.facebook.com/events/1014934072187610/
nycac-fb-d51803b326bebec5,106,event-route,commercial-rent-and-tenancy,1,1,0,0,0,0,https://www.facebook.com/events/1014934072187610/
nycac-fb-eb1ff958201fda23,107,event-route,commercial-rent-and-tenancy,1,1,0,1,0,0,https://www.facebook.com/events/1014934072187610/
nycac-fb-26e07cb6c00437d6,108,event-route,commercial-rent-and-tenancy,1,1,0,4,0,0,https://www.facebook.com/events/1014934072187610/
nycac-fb-389c12cca64da527,109,original-media-post,general-coalition-communication,0,1,0,2,0,0,https://www.facebook.com/photo/?fbid=2404857763101931&set=a.544849644343446
nycac-fb-c3189e845b1ebedb,110,original-media-post,nightlife-enforcement-and-governance,1,1,0,14,1,1,https://www.facebook.com/photo/?fbid=2398885263699181&set=a.544849644343446
nycac-fb-c9bec2080bfcfc78,111,original-media-post,general-coalition-communication,0,1,0,6,0,0,https://www.facebook.com/photo/?fbid=2397261107194930&set=a.544849644343446
nycac-fb-f5ca2a858b4328cf,112,standalone-post,nightlife-enforcement-and-governance,1,0,0,10,1,3,https://www.facebook.com/nycartc
nycac-fb-dcac427ea66505a9,113,event-route,nightlife-enforcement-and-governance,1,0,0,1,0,0,https://www.facebook.com/events/2506201862949336/
nycac-fb-2037341ca51d8c3b,114,standalone-post,nightlife-enforcement-and-governance,1,1,0,9,1,8,https://www.facebook.com/nycartc
nycac-fb-8417bb389033ab6b,115,event-route,commercial-rent-and-tenancy,4,0,0,3,0,0,https://www.facebook.com/events/373845436658926/
nycac-fb-4d98efe55efd3e77,116,event-route,general-coalition-communication,0,0,0,4,0,0,https://www.facebook.com/events/373845436658926/
nycac-fb-7b4ce8fb5f9ba475,117,standalone-post,press-and-public-knowledge,1,0,0,10,0,1,https://www.facebook.com/nycartc
nycac-fb-74b74ba246df0f8b,118,standalone-post,press-and-public-knowledge,1,1,0,12,0,1,https://www.facebook.com/nycartc
nycac-fb-bb4cf59c7a2680c8,119,standalone-post,commercial-rent-and-tenancy,1,1,0,9,0,2,https://www.facebook.com/nycartc
nycac-fb-387fbe21ecb4ebaa,120,reshared-story,public-meetings-and-participation,1,0,1,3,0,0,https://www.facebook.com/nycartc
nycac-fb-804df666815fe04c,121,reshared-story,funding-and-operational-resources,2,2,0,3,0,0,https://www.facebook.com/nycartc
nycac-fb-785a7baa320e09b8,122,standalone-post,general-coalition-communication,0,0,0,0,0,0,https://www.facebook.com/nycartc
nycac-fb-0c91000d04bab5e2,123,event-route,equity-solidarity-and-mutual-aid,1,0,0,2,0,0,https://www.facebook.com/events/2124948934418624/
nycac-fb-037ca8ede6f05554,124,standalone-post,event-and-cultural-distribution,1,0,0,4,0,1,https://www.facebook.com/nycartc
nycac-fb-95004822e7e75dcc,125,event-route,nightlife-enforcement-and-governance,3,0,0,2,0,0,https://www.facebook.com/events/455399301875647/
nycac-fb-efac2113ecbd1ba3,126,standalone-post,nightlife-enforcement-and-governance,2,0,0,5,0,1,https://www.facebook.com/nycartc
nycac-fb-5287b1b23e2000b1,127,standalone-post,nightlife-enforcement-and-governance,1,0,0,14,2,1,https://www.facebook.com/nycartc
nycac-fb-a3224be28dfdc912,128,original-media-post,nightlife-enforcement-and-governance,1,0,0,7,0,0,https://www.facebook.com/photo/?fbid=2278199005767808&set=a.544849644343446
nycac-fb-8dcc62414b4a56b0,129,event-route,general-coalition-communication,0,0,0,3,0,0,https://www.facebook.com/events/426996257871171/
nycac-fb-63b2d3b598a5e5a8,130,original-media-post,public-meetings-and-participation,1,1,0,25,6,2,https://www.facebook.com/photo/?fbid=2270384096549299&set=a.544849644343446
nycac-fb-b9cd2062aa5073e4,131,original-media-post,general-coalition-communication,0,0,0,7,0,0,https://www.facebook.com/photo/?fbid=2270358109885231&set=a.544849644343446
nycac-fb-2cd32ea8453bfaef,132,event-route,general-coalition-communication,0,0,0,5,0,0,https://www.facebook.com/events/2347093582223366/
nycac-fb-bc02b3d325c8c686,133,event-route,event-and-cultural-distribution,1,0,0,1,1,0,https://www.facebook.com/events/2347093582223366/
nycac-fb-9eb91ef51afa9bfd,134,event-route,general-coalition-communication,0,0,0,0,0,0,https://www.facebook.com/events/2347093582223366/
nycac-fb-c61505044dc3773b,135,event-route,public-meetings-and-participation,1,0,0,0,0,0,https://www.facebook.com/events/2347093582223366/
nycac-fb-d2392a6d1234e53c,136,event-route,public-meetings-and-participation,1,0,0,5,1,0,https://www.facebook.com/events/2347093582223366/
nycac-fb-a795c713024ac5a9,137,event-route,general-coalition-communication,0,0,0,2,0,0,https://www.facebook.com/events/268968720387261/
nycac-fb-8535d399fb181788,138,source-or-resource-route,press-and-public-knowledge,1,0,1,2,0,0,https://www.facebook.com/nycartc
nycac-fb-33f9370b5f9f9999,139,standalone-post,nightlife-enforcement-and-governance,2,0,0,6,3,0,https://www.facebook.com/nycartc
nycac-fb-428eabd6c619f4bc,140,standalone-post,nightlife-enforcement-and-governance,1,0,0,5,0,0,https://www.facebook.com/nycartc
nycac-fb-49a881e842829d36,141,standalone-post,cultural-space-care,2,1,0,5,0,0,https://www.facebook.com/nycartc
nycac-fb-c408239c2cba29dd,142,original-media-post,commercial-rent-and-tenancy,2,0,0,5,0,0,https://www.facebook.com/photo/?fbid=2240504872870555&set=a.544849644343446
nycac-fb-e895ecc170e6fb14,143,standalone-post,cultural-space-care,1,1,0,31,5,7,https://www.facebook.com/nycartc
nycac-fb-1e880b8a87c6c40a,144,event-route,event-and-cultural-distribution,1,0,0,7,0,0,https://www.facebook.com/events/639384116526735/
nycac-fb-93209e0d4f59bb13,145,reshared-story,general-coalition-communication,0,1,0,8,0,0,https://www.facebook.com/nycartc
nycac-fb-1bcfa3e5e75dea04,146,standalone-post,cultural-space-care,2,0,0,4,0,0,https://www.facebook.com/nycartc
nycac-fb-d19b09252fd43ee9,147,original-media-post,general-coalition-communication,0,0,1,15,1,2,https://www.facebook.com/photo/?fbid=2229970190590690&set=a.544849644343446
nycac-fb-fc78807e822d4cc2,148,event-route,cultural-space-care,2,0,1,1,2,0,https://www.facebook.com/events/314671892724189/
nycac-fb-5938de5abd62c213,149,original-media-post,nightlife-enforcement-and-governance,1,0,1,24,0,4,https://www.facebook.com/photo/?fbid=2227713767482999&set=a.544849644343446
nycac-fb-a352f571b8f482a6,150,reshared-story,nightlife-enforcement-and-governance,2,0,1,4,0,0,https://www.facebook.com/photo/?fbid=2226546734266369&set=a.544849644343446
nycac-fb-f840e9e87c6e69d2,151,original-media-post,nightlife-enforcement-and-governance,2,0,1,46,4,13,https://www.facebook.com/photo/?fbid=2226546734266369&set=a.544849644343446
nycac-fb-63cb9fd3918b3e54,152,original-media-post,nightlife-enforcement-and-governance,2,0,1,10,0,1,https://www.facebook.com/photo/?fbid=2225985110989198&set=a.544849644343446
nycac-fb-1f4e8361b7c2c505,153,original-media-post,nightlife-enforcement-and-governance,1,1,1,12,0,5,https://www.facebook.com/photo/?fbid=2225983437656032&set=a.544849644343446
nycac-fb-abf349b1c677d2db,154,original-media-post,commercial-rent-and-tenancy,1,0,1,9,0,2,https://www.facebook.com/photo/?fbid=2226524724268570&set=a.544849644343446
nycac-fb-996f7ad861fd1df5,155,original-media-post,nightlife-enforcement-and-governance,2,1,1,16,1,3,https://www.facebook.com/photo/?fbid=2225983070989402&set=a.544849644343446
nycac-fb-6ffb5b413fd4a17a,156,event-route,cultural-space-care,2,0,0,16,2,2,https://www.facebook.com/photo/?fbid=2225951090992600&set=a.544849644343446
nycac-fb-cf15881b118ed505,157,event-route,nightlife-enforcement-and-governance,3,0,0,0,0,0,https://www.facebook.com/events/149896349250651/
nycac-fb-1aa11d358ca91d70,158,event-route,commercial-rent-and-tenancy,3,0,0,0,0,0,https://www.facebook.com/events/149896349250651/
nycac-fb-7613b8b02fd0ad9b,159,event-route,nightlife-enforcement-and-governance,3,0,0,0,0,0,https://www.facebook.com/events/149896349250651/
nycac-fb-bd66fff105c29866,160,reshared-story,commercial-rent-and-tenancy,4,0,0,0,0,0,https://www.facebook.com/events/149896349250651/
nycac-fb-373d0925dc1910f4,161,standalone-post,general-coalition-communication,0,0,0,0,0,0,https://www.facebook.com/nycartc
nycac-fb-6477dc9ca11b23f4,162,source-or-resource-route,nightlife-enforcement-and-governance,3,1,1,1,0,0,https://www.facebook.com/nycartc
nycac-fb-7a9c3b692622a048,163,standalone-post,nightlife-enforcement-and-governance,2,1,0,8,0,1,https://www.facebook.com/nycartc
nycac-fb-bb02d930248cc0a0,164,standalone-post,nightlife-enforcement-and-governance,1,1,0,9,3,0,https://www.facebook.com/nycartc
nycac-fb-fdf22e7cd411c333,165,standalone-post,nightlife-enforcement-and-governance,2,1,0,7,0,0,https://www.facebook.com/nycartc
nycac-fb-1b63c6bf7a160975,166,source-or-resource-route,nightlife-enforcement-and-governance,2,0,1,0,0,0,https://www.facebook.com/nycartc
nycac-fb-4ea0b1ae000aedfd,167,source-or-resource-route,nightlife-enforcement-and-governance,2,0,1,0,0,1,https://www.facebook.com/nycartc
nycac-fb-df1eb00b1814a9e4,168,event-route,nightlife-enforcement-and-governance,2,0,0,0,0,0,https://www.facebook.com/events/790581997948463/
nycac-fb-0cfc2ce829907d81,169,event-route,nightlife-enforcement-and-governance,2,1,0,0,1,2,https://www.facebook.com/photo/?fbid=2220938758160500&set=a.544849644343446
nycac-fb-7eee5851228909b1,170,event-route,nightlife-enforcement-and-governance,2,0,0,0,0,0,https://www.facebook.com/events/790581997948463/
nycac-fb-49b8815161172548,171,event-route,nightlife-enforcement-and-governance,3,0,0,0,0,0,https://www.facebook.com/events/790581997948463/
nycac-fb-05bf08f9bd702a8f,172,event-route,nightlife-enforcement-and-governance,3,0,0,0,0,0,https://www.facebook.com/events/790581997948463/
nycac-fb-493c3b0b49c9386a,173,event-route,nightlife-enforcement-and-governance,2,0,0,0,0,0,https://www.facebook.com/events/790581997948463/
nycac-fb-b6abe9af0a58e886,174,event-route,nightlife-enforcement-and-governance,3,0,0,0,0,0,https://www.facebook.com/events/790581997948463/
nycac-fb-d96806b6f96fbc47,175,event-route,nightlife-enforcement-and-governance,3,0,0,1,0,0,https://www.facebook.com/events/790581997948463/
nycac-fb-497c9c51d6f86a5d,176,event-route,nightlife-enforcement-and-governance,3,0,0,0,0,0,https://www.facebook.com/events/790581997948463/
nycac-fb-556c644e52cef566,177,event-route,nightlife-enforcement-and-governance,3,0,0,0,0,0,https://www.facebook.com/events/790581997948463/
nycac-fb-35cd1c3ce895a1ae,178,event-route,nightlife-enforcement-and-governance,3,0,0,0,0,0,https://www.facebook.com/events/790581997948463/
nycac-fb-c72a072dc21a31c9,179,event-route,nightlife-enforcement-and-governance,2,0,0,0,0,0,https://www.facebook.com/events/790581997948463/
nycac-fb-98cf4201973bb3b0,180,event-route,nightlife-enforcement-and-governance,2,0,0,0,0,0,https://www.facebook.com/events/790581997948463/
nycac-fb-5c4c9ec93d6190b4,181,event-route,nightlife-enforcement-and-governance,2,0,0,0,0,0,https://www.facebook.com/events/790581997948463/
nycac-fb-bb0b2ea2a1ec8916,182,event-route,nightlife-enforcement-and-governance,2,0,0,2,0,0,https://www.facebook.com/events/790581997948463/
nycac-fb-9ec82d8e54281c27,183,reshared-story,nightlife-enforcement-and-governance,2,1,0,2,0,1,https://www.facebook.com/nycartc
nycac-fb-2a615d74582c2e7a,184,standalone-post,nightlife-enforcement-and-governance,2,1,0,5,0,13,https://www.facebook.com/nycartc
nycac-fb-4cad1127fb78a60b,185,event-route,nightlife-enforcement-and-governance,3,0,0,9,0,0,https://www.facebook.com/events/790581997948463/
nycac-fb-b63dbb988ce0ce99,186,source-or-resource-route,nightlife-enforcement-and-governance,1,1,1,3,0,0,https://www.facebook.com/nycartc
nycac-fb-0c719a30fb68b1c0,187,event-route,commercial-rent-and-tenancy,4,1,0,0,0,0,https://www.facebook.com/events/468698540318956/
nycac-fb-2c68cf57764f6ef7,188,event-route,commercial-rent-and-tenancy,4,1,0,0,0,0,https://www.facebook.com/events/468698540318956/
nycac-fb-fbd8236407dcac58,189,event-route,commercial-rent-and-tenancy,4,0,0,0,0,0,https://www.facebook.com/events/468698540318956/
nycac-fb-0d30b9b906219d0e,190,event-route,commercial-rent-and-tenancy,2,0,0,0,1,0,https://www.facebook.com/events/468698540318956/
nycac-fb-b6bc3574ef5fb26c,191,event-route,commercial-rent-and-tenancy,3,1,0,1,1,0,https://www.facebook.com/events/468698540318956/
nycac-fb-c67b206931b45de7,192,event-route,commercial-rent-and-tenancy,3,1,0,0,1,0,https://www.facebook.com/events/468698540318956/
nycac-fb-39fce669ea8a2ad6,193,event-route,commercial-rent-and-tenancy,3,0,0,1,0,0,https://www.facebook.com/events/468698540318956/
nycac-fb-006a7f37525cdd9e,194,event-route,commercial-rent-and-tenancy,3,1,0,3,0,0,https://www.facebook.com/events/468698540318956/
nycac-fb-52ff21076aa25518,195,event-route,commercial-rent-and-tenancy,3,0,0,5,0,0,https://www.facebook.com/events/468698540318956/
nycac-fb-ea9633c4925debad,196,event-route,commercial-rent-and-tenancy,2,0,0,5,0,0,https://www.facebook.com/events/468698540318956/
nycac-fb-131e553bf0b626a5,197,event-route,general-coalition-communication,0,0,0,5,1,0,https://www.facebook.com/events/725685731131048/
nycac-fb-33566ec8cafdcd57,198,original-media-post,cultural-space-care,1,1,0,4,0,0,https://www.facebook.com/photo/?fbid=2155198888067821&set=a.544849644343446
nycac-fb-0e9550e8f3ec2cc4,199,event-route,commercial-rent-and-tenancy,2,0,0,1,0,0,https://www.facebook.com/events/1916200875140739/
nycac-fb-e96a4c9610b66a53,200,event-route,commercial-rent-and-tenancy,2,0,0,1,0,0,https://www.facebook.com/events/1916200875140739/
nycac-fb-e639b9d8ec81049b,201,event-route,commercial-rent-and-tenancy,2,0,0,2,0,0,https://www.facebook.com/events/1916200875140739/
nycac-fb-36ed0a2991c48787,202,event-route,commercial-rent-and-tenancy,3,0,0,2,0,0,https://www.facebook.com/events/1916200875140739/
nycac-fb-df1f31f73929c282,203,event-route,commercial-rent-and-tenancy,2,0,0,2,0,0,https://www.facebook.com/events/1916200875140739/
nycac-fb-c19142bfe8218243,204,event-route,public-meetings-and-participation,1,0,1,2,1,0,https://www.facebook.com/events/1916200875140739/
nycac-fb-197e79f2a15fab45,205,event-route,commercial-rent-and-tenancy,2,0,0,1,0,0,https://www.facebook.com/events/1916200875140739/
nycac-fb-b7211b749a79d89e,206,event-route,commercial-rent-and-tenancy,3,0,0,1,0,0,https://www.facebook.com/events/1916200875140739/
nycac-fb-a882ec47c0223e57,207,event-route,commercial-rent-and-tenancy,2,0,0,0,0,0,https://www.facebook.com/events/1916200875140739/
nycac-fb-e023e26daf00b609,208,source-or-resource-route,nightlife-enforcement-and-governance,1,0,1,3,0,0,https://www.facebook.com/nycartc
nycac-fb-a8ce2ee142d4056e,209,event-route,commercial-rent-and-tenancy,2,1,0,1,0,0,https://www.facebook.com/events/1916200875140739/
nycac-fb-deda33e6845f43cb,210,original-media-post,nightlife-enforcement-and-governance,3,1,1,3,0,0,https://www.facebook.com/photo/?fbid=2152827211638322&set=a.544849644343446
nycac-fb-175b1950dedcf8dd,211,reshared-story,commercial-rent-and-tenancy,3,1,0,3,0,0,https://www.facebook.com/nycartc
nycac-fb-184a798ab2612f78,212,original-media-post,nightlife-enforcement-and-governance,1,0,1,6,0,0,https://www.facebook.com/photo/?fbid=2152819441639099&set=a.544849644343446
nycac-fb-39c90c0c063f657e,213,reshared-story,nightlife-enforcement-and-governance,1,1,1,2,0,0,https://www.facebook.com/photo/?fbid=2152810974973279&set=a.544849644343446
nycac-fb-53bdc2456a073773,214,original-media-post,nightlife-enforcement-and-governance,1,0,1,3,0,0,https://www.facebook.com/photo/?fbid=2152816534972723&set=a.544849644343446
nycac-fb-681b750be325522a,215,original-media-post,nightlife-enforcement-and-governance,1,0,1,4,0,4,https://www.facebook.com/photo/?fbid=2152810974973279&set=a.544849644343446
nycac-fb-bc471ac923d162a7,216,original-media-post,nightlife-enforcement-and-governance,1,0,1,2,0,0,https://www.facebook.com/photo/?fbid=2152808124973564&set=a.544849644343446
nycac-fb-8a78451a400b9c5d,217,original-media-post,nightlife-enforcement-and-governance,1,0,1,2,0,0,https://www.facebook.com/photo/?fbid=2152802074974169&set=a.544849644343446
nycac-fb-ea4ee92e1728d543,218,standalone-post,public-meetings-and-participation,1,1,0,4,4,0,https://www.facebook.com/nycartc
nycac-fb-c589a75a79e7e56b,219,original-media-post,commercial-rent-and-tenancy,2,1,1,0,0,0,https://www.facebook.com/photo/?fbid=2152639201657123&set=a.544849644343446
nycac-fb-df3566b5327bd604,220,event-route,commercial-rent-and-tenancy,2,0,0,3,0,0,https://www.facebook.com/events/1916200875140739/
nycac-fb-f4e8972a861d1942,221,original-media-post,nightlife-enforcement-and-governance,1,2,0,9,2,0,https://www.facebook.com/photo/?fbid=2145441095710267&set=a.544849644343446
nycac-fb-ca4553387018546c,222,source-or-resource-route,nightlife-enforcement-and-governance,3,1,1,4,0,1,https://www.facebook.com/nycartc
nycac-fb-fbae4fb80109ab8d,223,standalone-post,nightlife-enforcement-and-governance,1,0,0,4,0,0,https://www.facebook.com/nycartc
nycac-fb-43ac574dc27f43f8,224,original-media-post,nightlife-enforcement-and-governance,1,2,0,5,0,0,https://www.facebook.com/photo/?fbid=2145425935711783&set=a.544849644343446
nycac-fb-4297b637e61a0e02,225,original-media-post,nightlife-enforcement-and-governance,2,1,0,1,2,0,https://www.facebook.com/photo/?fbid=2145422829045427&set=a.544849644343446
nycac-fb-c96193175cc9abd7,226,standalone-post,commercial-rent-and-tenancy,2,0,0,9,0,0,https://www.facebook.com/nycartc
nycac-fb-3faf0983d2da34e1,227,standalone-post,cultural-space-care,1,0,0,12,0,2,https://www.facebook.com/nycartc
nycac-fb-4c632eaf66cdbff8,228,source-or-resource-route,nightlife-enforcement-and-governance,2,1,1,11,1,10,https://www.facebook.com/nycartc
nycac-fb-a4f0b43ef8234a1c,229,standalone-post,general-coalition-communication,0,0,0,2,0,0,https://www.facebook.com/nycartc
nycac-fb-f7ebda250b09d618,230,standalone-post,nightlife-enforcement-and-governance,1,0,0,3,0,0,https://www.facebook.com/nycartc
nycac-fb-58f071e539e815b9,231,event-route,commercial-rent-and-tenancy,2,0,0,3,0,0,https://www.facebook.com/events/440515013035760/
nycac-fb-787fe34168189560,232,reshared-story,event-and-cultural-distribution,1,0,0,1,0,0,https://www.facebook.com/events/149708229048683/
nycac-fb-f2d3485fca303d8e,233,source-or-resource-route,general-coalition-communication,0,0,1,28,2,6,https://www.facebook.com/nycartc
nycac-fb-8df7660db354d278,234,reshared-story,cultural-space-care,2,0,1,5,0,0,https://www.facebook.com/nycartc
nycac-fb-cad1df3fb2d41e0b,235,standalone-post,nightlife-enforcement-and-governance,1,1,0,29,1,4,https://www.facebook.com/nycartc
nycac-fb-7d33fe883a16790d,236,standalone-post,nightlife-enforcement-and-governance,1,1,0,15,2,0,https://www.facebook.com/nycartc
nycac-fb-7d3d139701af645d,237,standalone-post,nightlife-enforcement-and-governance,2,1,0,21,0,0,https://www.facebook.com/nycartc
nycac-fb-59fd8436dbc1ccd6,238,standalone-post,nightlife-enforcement-and-governance,1,1,0,26,2,5,https://www.facebook.com/nycartc
nycac-fb-c4c37de6d3711e21,239,event-route,nightlife-enforcement-and-governance,3,1,0,8,1,0,https://www.facebook.com/events/383292402137451/
nycac-fb-26aa5a050e73dd67,240,reshared-story,nightlife-enforcement-and-governance,3,2,0,0,1,0,https://www.facebook.com/events/383292402137451/
nycac-fb-43147bf080e057e1,241,event-route,public-meetings-and-participation,1,2,0,34,3,5,https://www.facebook.com/photo/?fbid=2017203981867313&set=a.544849644343446
nycac-fb-39e5e77de81d75e5,242,original-media-post,nightlife-enforcement-and-governance,2,1,0,1,2,0,https://www.facebook.com/photo/?fbid=2016896368564741&set=a.544849644343446
nycac-fb-01c5cfdc82528952,243,event-route,nightlife-enforcement-and-governance,1,1,0,8,1,0,https://www.facebook.com/events/383292402137451/
nycac-fb-12493b2c285df99d,244,event-route,nightlife-enforcement-and-governance,2,1,0,4,0,0,https://www.facebook.com/events/383292402137451/
nycac-fb-4d9b6594e499ff2f,245,event-route,nightlife-enforcement-and-governance,1,1,0,5,0,0,https://www.facebook.com/events/383292402137451/
nycac-fb-32ea0c6397b830c7,246,event-route,general-coalition-communication,0,0,0,17,0,0,https://www.facebook.com/events/154458461865639/
nycac-fb-17f14e009f9734a3,247,reshared-story,general-coalition-communication,0,0,1,23,2,4,https://www.facebook.com/events/383292402137451/
nycac-fb-9b05f6fffd703bef,248,event-route,nightlife-enforcement-and-governance,1,1,0,7,0,0,https://www.facebook.com/events/383292402137451/
nycac-fb-671ccb639f590868,249,reshared-story,nightlife-enforcement-and-governance,2,2,0,55,0,9,https://www.facebook.com/nycartc
nycac-fb-2997b03b7ef93e50,250,event-route,cultural-space-care,2,0,1,9,1,0,https://www.facebook.com/events/383292402137451/
nycac-fb-cf2587033bbf8c95,251,reshared-story,nightlife-enforcement-and-governance,2,0,0,4,1,0,https://www.facebook.com/nycartc
nycac-fb-32cc25cdfd2079bc,252,source-or-resource-route,event-and-cultural-distribution,1,0,1,4,1,3,https://www.facebook.com/nycartc
nycac-fb-57ab5e66699834d2,253,event-route,nightlife-enforcement-and-governance,1,0,0,5,1,0,https://www.facebook.com/events/145503932757499/
nycac-fb-0941790ecb4b90c9,254,reshared-story,nightlife-enforcement-and-governance,2,1,1,7,0,0,https://www.facebook.com/nycartc
nycac-fb-f9eefb7d93543e5f,255,event-route,commercial-rent-and-tenancy,3,0,0,5,0,0,https://www.facebook.com/events/189462498461151/
nycac-fb-cf331fd45de57cce,256,standalone-post,general-coalition-communication,0,0,0,2,0,1,https://www.facebook.com/nycartc
nycac-fb-1138cbbede632b14,257,reshared-story,event-and-cultural-distribution,1,0,0,1,0,0,https://www.facebook.com/nycartc
nycac-fb-e56888c9d9402fe3,258,reshared-story,nightlife-enforcement-and-governance,2,3,0,6,0,0,https://www.facebook.com/nycartc
nycac-fb-79d21e6af7bba0bf,259,event-route,general-coalition-communication,0,0,0,6,4,0,https://www.facebook.com/events/289474364908754/
nycac-fb-f0a22c6ca9ebff81,260,event-route,funding-and-operational-resources,2,0,0,4,0,0,https://www.facebook.com/events/1677785855601097/
nycac-fb-e31d145f824e8eb2,261,reshared-story,nightlife-enforcement-and-governance,1,1,0,10,0,0,https://www.facebook.com/nycartc
nycac-fb-7388b815400f6840,262,reshared-story,nightlife-enforcement-and-governance,2,1,0,6,0,0,https://www.facebook.com/nycartc
nycac-fb-6e70f043ad190c66,263,standalone-post,nightlife-enforcement-and-governance,1,0,0,11,0,8,https://www.facebook.com/nycartc
nycac-fb-04e64972093b7c5f,264,reshared-story,nightlife-enforcement-and-governance,1,1,0,1,0,0,https://www.facebook.com/nycartc
nycac-fb-43a7447201e17f0d,265,reshared-story,general-coalition-communication,0,0,0,1,0,0,https://www.facebook.com/nycartc
nycac-fb-7db22561ec38af88,266,source-or-resource-route,cultural-space-care,2,0,1,53,7,51,https://www.facebook.com/nycartc
nycac-fb-70526effc47395e9,267,event-route,general-coalition-communication,0,0,0,7,0,0,https://www.facebook.com/events/708937072636311/
nycac-fb-78daa720d8196ad5,268,standalone-post,general-coalition-communication,0,0,0,10,0,1,https://www.facebook.com/nycartc
nycac-fb-bfca8874fc295652,269,reshared-story,commercial-rent-and-tenancy,2,0,0,2,1,0,https://www.facebook.com/events/144317939631393/
nycac-fb-27690e3d63bece57,270,event-route,nightlife-enforcement-and-governance,1,1,0,4,0,0,https://www.facebook.com/events/144317939631393/
nycac-fb-5d7ac53a9562b3e8,271,event-route,cultural-space-care,1,0,0,4,0,0,https://www.facebook.com/events/293819841110079/
nycac-fb-4d0ecf7285df8c71,272,standalone-post,nightlife-enforcement-and-governance,1,0,0,0,0,0,https://www.facebook.com/nycartc
nycac-fb-3522c9ebf1048d62,273,original-media-post,general-coalition-communication,0,1,0,5,0,1,https://www.facebook.com/photo/?fbid=1946054418982270&set=a.544849644343446
nycac-fb-bab55e076a383434,274,original-media-post,general-coalition-communication,0,1,0,6,0,3,https://www.facebook.com/photo/?fbid=1946048915649487&set=a.544849644343446
nycac-fb-34a0bfa53be7fee7,275,original-media-post,general-coalition-communication,0,0,0,8,0,3,https://www.facebook.com/photo/?fbid=1946046075649771&set=a.544849644343446
nycac-fb-b66443a7b6e75450,276,original-media-post,general-coalition-communication,0,1,0,5,0,1,https://www.facebook.com/photo/?fbid=1945667429020969&set=a.544849644343446
nycac-fb-4697ca323ce6c085,277,original-media-post,general-coalition-communication,0,0,0,4,0,1,https://www.facebook.com/photo/?fbid=1945664989021213&set=a.544849644343446
nycac-fb-f82223aba3ce6801,278,event-route,nightlife-enforcement-and-governance,2,0,0,1,0,0,https://www.facebook.com/events/385688095196793/
nycac-fb-179ed88b7653be28,279,event-route,nightlife-enforcement-and-governance,2,0,0,21,0,0,https://www.facebook.com/events/147530082646254/
nycac-fb-27ca2eca414e724a,280,original-media-post,general-coalition-communication,0,0,0,10,0,1,https://www.facebook.com/photo/?fbid=1945658472355198&set=a.544849644343446
nycac-fb-7fc6de8c6edf5dd5,281,original-media-post,general-coalition-communication,0,0,0,6,1,2,https://www.facebook.com/photo/?fbid=1945649519022760&set=a.544849644343446
nycac-fb-578dbcbe17b5facd,282,original-media-post,nightlife-enforcement-and-governance,2,0,0,2,0,1,https://www.facebook.com/photo/?fbid=1945641402356905&set=a.544849644343446
nycac-fb-da23754fdf4e5849,283,original-media-post,nightlife-enforcement-and-governance,2,1,0,6,0,0,https://www.facebook.com/photo/?fbid=1945640715690307&set=a.544849644343446
nycac-fb-ebe6477fb54f55ac,284,original-media-post,nightlife-enforcement-and-governance,1,1,0,3,0,1,https://www.facebook.com/photo/?fbid=1945638805690498&set=a.544849644343446
nycac-fb-090b15210aa50411,285,standalone-post,general-coalition-communication,0,1,0,2,0,0,https://www.facebook.com/nycartc
nycac-fb-92b62ba5fdb76240,286,original-media-post,general-coalition-communication,0,1,0,7,0,1,https://www.facebook.com/photo/?fbid=1945636495690729&set=a.544849644343446
nycac-fb-51f5a9eb58a74e9a,287,original-media-post,nightlife-enforcement-and-governance,1,1,0,13,0,2,https://www.facebook.com/photo/?fbid=1945633839024328&set=a.544849644343446
nycac-fb-17c12bf142b0af27,288,source-or-resource-route,nightlife-enforcement-and-governance,1,0,1,1,0,0,https://www.facebook.com/nycartc
nycac-fb-db23cce133a97037,289,event-route,nightlife-enforcement-and-governance,1,0,0,5,0,0,https://www.facebook.com/events/133554860735306/
nycac-fb-78f8af109f05cdab,290,event-route,nightlife-enforcement-and-governance,2,0,1,95,4,60,https://www.facebook.com/events/133554860735306/
nycac-fb-2fc964310344e9a0,291,original-media-post,general-coalition-communication,0,0,0,3,1,0,https://www.facebook.com/photo/?fbid=1943360395918339&set=a.544849644343446
nycac-fb-6f7a2f3730005f1c,292,original-media-post,cultural-space-care,1,0,0,1,1,0,https://www.facebook.com/photo/?fbid=1943358665918512&set=a.544849644343446
nycac-fb-5a40ed40c2d665d4,293,original-media-post,general-coalition-communication,0,0,0,6,1,1,https://www.facebook.com/photo/?fbid=1943332695921109&set=a.544849644343446
nycac-fb-4296d8649ad9331c,294,original-media-post,general-coalition-communication,0,0,0,5,1,0,https://www.facebook.com/photo/?fbid=1943330415921337&set=a.544849644343446
nycac-fb-be418f38b8c715bb,295,original-media-post,nightlife-enforcement-and-governance,1,1,0,4,1,0,https://www.facebook.com/photo/?fbid=1943328739254838&set=a.544849644343446
nycac-fb-f89493de7f5e4d96,296,original-media-post,general-coalition-communication,0,0,0,3,1,0,https://www.facebook.com/photo/?fbid=1943327405921638&set=a.544849644343446
nycac-fb-2b506121c1a80446,297,original-media-post,nightlife-enforcement-and-governance,1,0,0,2,1,3,https://www.facebook.com/photo/?fbid=1943324065921972&set=a.544849644343446
nycac-fb-09a9db7fcf6fc440,298,original-media-post,general-coalition-communication,0,0,0,3,1,1,https://www.facebook.com/photo/?fbid=1943320922588953&set=a.544849644343446
nycac-fb-ed3cb29056139873,299,original-media-post,cultural-space-care,2,0,0,7,1,1,https://www.facebook.com/photo/?fbid=1943319872589058&set=a.544849644343446
nycac-fb-12db6724d5ffc517,300,original-media-post,nightlife-enforcement-and-governance,1,1,0,2,1,0,https://www.facebook.com/photo/?fbid=1943318285922550&set=a.544849644343446
nycac-fb-b724c2e621c98fe0,301,original-media-post,general-coalition-communication,0,2,0,4,1,0,https://www.facebook.com/photo/?fbid=1943303902590655&set=a.544849644343446
nycac-fb-fe320ec3c74c2d36,302,original-media-post,general-coalition-communication,0,1,0,5,1,1,https://www.facebook.com/photo/?fbid=1943278919259820&set=a.544849644343446
nycac-fb-b6a726fbf1e24332,303,source-or-resource-route,nightlife-enforcement-and-governance,3,1,1,3,0,0,https://www.facebook.com/nycartc
nycac-fb-fb9d6e587a79eb3f,304,standalone-post,nightlife-enforcement-and-governance,3,0,0,6,0,1,https://www.facebook.com/nycartc
nycac-fb-95f56e065d968816,305,event-route,public-meetings-and-participation,1,0,0,4,0,0,https://www.facebook.com/photo/?fbid=1936437276610651&set=a.544849644343446
nycac-fb-2a55759ab26e366c,306,event-route,cultural-space-care,1,0,0,4,0,0,https://www.facebook.com/events/120802405289008/
nycac-fb-163f60e5f58960b8,307,event-route,cultural-space-care,1,0,0,0,0,0,https://www.facebook.com/events/120802405289008/
nycac-fb-9156f723ab1c80d2,308,event-route,cultural-space-care,2,0,0,7,0,0,https://www.facebook.com/events/120802405289008/
nycac-fb-9f2d6a5074d445bd,309,event-route,cultural-space-care,2,0,0,2,1,0,https://www.facebook.com/events/120802405289008/
nycac-fb-6c2194f67ccfd500,310,event-route,general-coalition-communication,0,0,0,4,0,0,https://www.facebook.com/events/270203296832588/
nycac-fb-e62b4e1a030b7be6,311,reshared-story,general-coalition-communication,0,0,0,1,0,0,https://www.facebook.com/nycartc
nycac-fb-f2d342758e013390,312,event-route,cultural-space-care,1,0,0,1,0,0,https://www.facebook.com/events/120802405289008/
nycac-fb-f9b711bd79177c2a,313,event-route,cultural-space-care,2,0,0,8,0,0,https://www.facebook.com/events/120802405289008/
nycac-fb-22c115b191a3f205,314,reshared-story,general-coalition-communication,0,0,1,3,0,0,https://www.facebook.com/nycartc
nycac-fb-da4cfb0abd2962b2,315,standalone-post,nightlife-enforcement-and-governance,1,0,0,12,0,3,https://www.facebook.com/nycartc
nycac-fb-9465ee8747c8b6c1,316,standalone-post,funding-and-operational-resources,1,0,0,2,0,0,https://www.facebook.com/nycartc
nycac-fb-847272b1435ee7ab,317,event-route,public-meetings-and-participation,2,0,0,3,0,0,https://www.facebook.com/events/304490396688250/
nycac-fb-69957b66ee72ec32,318,standalone-post,nightlife-enforcement-and-governance,3,0,0,8,0,3,https://www.facebook.com/nycartc
nycac-fb-7156aa18cd9999be,319,standalone-post,cultural-space-care,2,0,0,0,2,0,https://www.facebook.com/nycartc
nycac-fb-6050abe299611f72,320,event-route,general-coalition-communication,0,0,0,9,3,0,https://www.facebook.com/events/172422519997254/
nycac-fb-dc1800aa06a41cf1,321,reshared-story,nightlife-enforcement-and-governance,2,2,0,4,0,0,https://www.facebook.com/nycartc
nycac-fb-11f6f12670892c2b,322,reshared-story,commercial-rent-and-tenancy,3,1,0,2,0,0,https://www.facebook.com/nycartc
nycac-fb-7efb8a7bd9da419c,323,standalone-post,nightlife-enforcement-and-governance,1,0,0,9,1,26,https://www.facebook.com/nycartc
nycac-fb-23ff7a9ef529da9c,324,original-media-post,general-coalition-communication,0,0,0,5,1,0,https://www.facebook.com/photo/?fbid=1924149537839425&set=a.544849644343446
nycac-fb-829423f72661d36a,325,standalone-post,public-meetings-and-participation,1,2,0,12,0,0,https://www.facebook.com/nycartc
nycac-fb-ee004b89c833892e,326,standalone-post,nightlife-enforcement-and-governance,2,0,0,2,0,0,https://www.facebook.com/nycartc
nycac-fb-2be046cb2d601c66,327,event-route,nightlife-enforcement-and-governance,2,0,0,4,1,0,https://www.facebook.com/events/113308576029782/
nycac-fb-7966cf5b08eabef7,328,original-media-post,nightlife-enforcement-and-governance,2,1,0,9,0,5,https://www.facebook.com/photo/?fbid=1922898931297819&set=a.544849644343446
nycac-fb-a27600aa065b2fe7,329,original-media-post,nightlife-enforcement-and-governance,2,1,0,6,0,0,https://www.facebook.com/photo/?fbid=1922509021336810&set=a.544849644343446
nycac-fb-efff3027df07f503,330,event-route,public-meetings-and-participation,1,0,0,0,0,0,https://www.facebook.com/events/833546563459181/
nycac-fb-fe6e755c428a3a32,331,event-route,general-coalition-communication,0,0,0,3,2,0,https://www.facebook.com/events/334429776969237/
nycac-fb-b5ac5adbb3093607,332,reshared-story,nightlife-enforcement-and-governance,2,1,1,48,1,0,https://www.facebook.com/nycartc
nycac-fb-52a16f452f9bd43e,333,original-media-post,nightlife-enforcement-and-governance,2,2,1,9,1,2,https://www.facebook.com/photo/?fbid=1917881878466191&set=a.544849644343446
nycac-fb-ae0bcf2c00523125,334,reshared-story,event-and-cultural-distribution,1,1,0,2,0,0,https://www.facebook.com/events/1118932774873914/
nycac-fb-a905026332e274eb,335,standalone-post,nightlife-enforcement-and-governance,1,1,0,2,0,1,https://www.facebook.com/nycartc
nycac-fb-838ed613300d3f96,336,event-route,nightlife-enforcement-and-governance,1,1,0,8,2,0,https://www.facebook.com/events/1118932774873914/
nycac-fb-18dcdb33e50a251e,337,reshared-story,nightlife-enforcement-and-governance,1,3,1,5,0,0,https://www.facebook.com/nycartc
nycac-fb-30794bd49f1db427,338,standalone-post,nightlife-enforcement-and-governance,1,0,0,1,0,0,https://www.facebook.com/nycartc
nycac-fb-fcb6876b82eb3346,339,standalone-post,general-coalition-communication,0,0,0,4,2,0,https://www.facebook.com/nycartc
nycac-fb-cd244d4757fd71e0,340,event-route,public-meetings-and-participation,2,0,0,4,0,0,https://www.facebook.com/events/304065543336798/
nycac-fb-1b6cd94e3216ecc2,341,standalone-post,event-and-cultural-distribution,1,1,0,0,0,0,https://www.facebook.com/nycartc
nycac-fb-2319c646134a121b,342,standalone-post,nightlife-enforcement-and-governance,2,2,0,5,0,1,https://www.facebook.com/nycartc
nycac-fb-8df78ceb370472cc,343,reshared-story,nightlife-enforcement-and-governance,4,0,0,1,1,0,https://www.facebook.com/nycartc
nycac-fb-cfb1ef090efca5ac,344,reshared-story,general-coalition-communication,0,0,0,4,1,0,https://www.facebook.com/nycartc
nycac-fb-c49ab6858fab7e3f,345,standalone-post,general-coalition-communication,0,1,0,5,0,1,https://www.facebook.com/nycartc
nycac-fb-1299ad6248cdd7c1,346,event-route,event-and-cultural-distribution,1,0,0,6,0,0,https://www.facebook.com/events/298007604005635/
nycac-fb-35847b85fc0f110d,347,event-route,equity-solidarity-and-mutual-aid,2,0,0,4,0,0,https://www.facebook.com/events/102597273703362/
nycac-fb-f1dd4babb5b229fb,348,event-route,nightlife-enforcement-and-governance,2,2,0,5,2,0,https://www.facebook.com/events/107158013279474/
nycac-fb-95b42751926cd656,349,event-route,nightlife-enforcement-and-governance,1,1,0,0,1,0,https://www.facebook.com/events/107158013279474/
nycac-fb-48b922c7fcfc769e,350,standalone-post,nightlife-enforcement-and-governance,3,1,0,2,2,0,https://www.facebook.com/nycartc
nycac-fb-c1dbc52a8a0db21b,351,event-route,general-coalition-communication,0,0,0,4,0,0,https://www.facebook.com/events/150377358849683/
nycac-fb-5895e39c1202011a,352,standalone-post,cultural-space-care,1,0,0,4,0,0,https://www.facebook.com/nycartc
nycac-fb-5c7d0ba17a57c862,353,standalone-post,nightlife-enforcement-and-governance,1,0,0,10,0,7,https://www.facebook.com/nycartc
nycac-fb-e7716d73dd46cb24,354,standalone-post,general-coalition-communication,0,0,0,6,0,1,https://www.facebook.com/nycartc
nycac-fb-a322ef2138558160,355,standalone-post,nightlife-enforcement-and-governance,2,1,0,8,1,6,https://www.facebook.com/nycartc
nycac-fb-4b943e9226efc20f,356,standalone-post,nightlife-enforcement-and-governance,2,1,0,9,0,11,https://www.facebook.com/nycartc
nycac-fb-a1d16f04917e5edf,357,standalone-post,nightlife-enforcement-and-governance,4,1,0,15,0,1,https://www.facebook.com/nycartc
nycac-fb-58b2a2125e8b3aca,358,reshared-story,nightlife-enforcement-and-governance,2,2,1,1,0,0,https://www.facebook.com/nycartc
nycac-fb-6ed758ba049e7483,359,reshared-story,nightlife-enforcement-and-governance,2,0,0,7,0,0,https://www.facebook.com/events/472114119789400/
nycac-fb-98bcd50ee1798016,360,reshared-story,nightlife-enforcement-and-governance,2,0,0,6,0,0,https://www.facebook.com/events/472114119789400/
nycac-fb-968cc702cd4f4d50,361,reshared-story,nightlife-enforcement-and-governance,2,0,0,5,0,0,https://www.facebook.com/events/472114119789400/
nycac-fb-82b13a03a5dc9e71,362,source-or-resource-route,public-meetings-and-participation,1,0,1,0,0,0,https://www.facebook.com/nycartc
nycac-fb-47755995bd89fcb7,363,reshared-story,nightlife-enforcement-and-governance,2,2,0,3,0,0,https://www.facebook.com/events/472114119789400/
nycac-fb-b8d8ebb8110f3ec4,364,original-media-post,nightlife-enforcement-and-governance,1,1,0,1,0,0,https://www.facebook.com/photo/?fbid=1880258378895208&set=a.544849644343446
nycac-fb-ede4fcf32fdd51ed,365,standalone-post,nightlife-enforcement-and-governance,2,1,0,4,0,4,https://www.facebook.com/nycartc
nycac-fb-fc75dc96edee7643,366,source-or-resource-route,nightlife-enforcement-and-governance,2,1,1,1,0,0,https://www.facebook.com/nycartc
nycac-fb-07580d73127715d7,367,event-route,nightlife-enforcement-and-governance,2,0,0,11,1,1,https://www.facebook.com/events/472114119789400/
nycac-fb-aef793bb8093511e,368,standalone-post,nightlife-enforcement-and-governance,2,0,0,10,1,1,https://www.facebook.com/nycartc
nycac-fb-98d29227848304e2,369,standalone-post,general-coalition-communication,0,0,0,6,0,0,https://www.facebook.com/nycartc
nycac-fb-4701efe50402240d,370,event-route,general-coalition-communication,0,0,0,6,0,0,https://www.facebook.com/events/1472395276154065/
nycac-fb-9b2639afd7f4af4a,371,standalone-post,cultural-space-care,1,0,0,2,0,3,https://www.facebook.com/nycartc
nycac-fb-f5a300643f10fa70,372,source-or-resource-route,cultural-space-care,1,0,1,22,0,10,https://www.facebook.com/nycartc
nycac-fb-d57c7ac080a5c509,373,standalone-post,press-and-public-knowledge,1,0,0,6,0,4,https://www.facebook.com/nycartc
nycac-fb-fef2d4d22e44054c,374,reshared-story,nightlife-enforcement-and-governance,2,2,1,6,2,0,https://www.facebook.com/nycartc
nycac-fb-bccba78297fa64c5,375,event-route,nightlife-enforcement-and-governance,1,1,0,2,0,0,https://www.facebook.com/events/1677962702508970/
nycac-fb-21ac712b4d9460ed,376,event-route,nightlife-enforcement-and-governance,2,1,0,0,0,0,https://www.facebook.com/events/1677962702508970/
nycac-fb-473929f4c870d069,377,standalone-post,nightlife-enforcement-and-governance,1,1,0,34,2,5,https://www.facebook.com/nycartc
nycac-fb-fcafeffd6ae7c07a,378,reshared-story,nightlife-enforcement-and-governance,2,2,0,7,0,0,https://www.facebook.com/events/1677962702508970/
nycac-fb-1b0f00b46c024aaf,379,standalone-post,nightlife-enforcement-and-governance,1,1,0,7,0,6,https://www.facebook.com/nycartc
nycac-fb-5c49ed158b963a61,380,original-media-post,commercial-rent-and-tenancy,1,1,0,6,1,0,https://www.facebook.com/photo/?fbid=1863707510550295&set=a.544849644343446
nycac-fb-8473d33c5f23caf6,381,standalone-post,commercial-rent-and-tenancy,1,1,0,0,0,0,https://www.facebook.com/nycartc
nycac-fb-31b6b780cd2db7bc,382,standalone-post,press-and-public-knowledge,1,1,0,11,1,2,https://www.facebook.com/nycartc
nycac-fb-691f392aa26f7fc5,383,event-route,nightlife-enforcement-and-governance,2,0,0,1,0,0,https://www.facebook.com/events/1657715717870643/
nycac-fb-e731518648658a2b,384,event-route,commercial-rent-and-tenancy,3,1,0,4,0,0,https://www.facebook.com/events/835861356564686/
nycac-fb-0c2bce78b59c1f1e,385,event-route,nightlife-enforcement-and-governance,1,0,0,1,0,0,https://www.facebook.com/events/835861356564686/
nycac-fb-cedf5c35087e254a,386,standalone-post,general-coalition-communication,0,0,0,3,0,0,https://www.facebook.com/nycartc
nycac-fb-9c569257c55ebcf2,387,reshared-story,nightlife-enforcement-and-governance,3,2,1,4,0,0,https://www.facebook.com/nycartc
nycac-fb-11248b1862008908,388,reshared-story,nightlife-enforcement-and-governance,3,1,1,1,0,0,https://www.facebook.com/nycartc
nycac-fb-c68f560274ad2219,389,event-route,nightlife-enforcement-and-governance,3,1,0,2,1,0,https://www.facebook.com/events/1677962702508970/
nycac-fb-c052539e2d871c88,390,event-route,nightlife-enforcement-and-governance,2,1,0,7,1,0,https://www.facebook.com/events/1677962702508970/
nycac-fb-4e4292dd90faf10f,391,original-media-post,general-coalition-communication,0,0,0,8,2,0,https://www.facebook.com/photo/?fbid=1853844228203290&set=a.544849644343446
nycac-fb-abe2ad879db2b487,392,event-route,general-coalition-communication,0,1,0,0,0,0,https://www.facebook.com/events/1833941863539562/
nycac-fb-d3325c80643066d1,393,original-media-post,public-meetings-and-participation,1,1,0,9,0,0,https://www.facebook.com/photo/?fbid=1852225138365199&set=a.544849644343446
nycac-fb-8073f31e3dc6d009,394,event-route,press-and-public-knowledge,1,0,0,0,1,5,https://www.facebook.com/events/212427345900529/
nycac-fb-0729af154ce335eb,395,event-route,nightlife-enforcement-and-governance,4,2,0,4,7,0,https://www.facebook.com/events/212427345900529/
nycac-fb-af0240ee21f3a9c0,396,event-route,nightlife-enforcement-and-governance,1,1,0,3,1,0,https://www.facebook.com/events/212427345900529/
nycac-fb-15a095a9323c7714,397,event-route,event-and-cultural-distribution,1,0,0,3,0,0,https://www.facebook.com/events/403966349974404/
nycac-fb-18224c68d0bda79e,398,original-media-post,public-meetings-and-participation,1,2,0,6,0,0,https://www.facebook.com/photo/?fbid=1848339695420410&set=a.544849644343446
nycac-fb-b9c929c53ebd23d6,399,source-or-resource-route,nightlife-enforcement-and-governance,1,1,1,4,0,1,https://www.facebook.com/nycartc
nycac-fb-292aeb7aba212d29,400,standalone-post,nightlife-enforcement-and-governance,1,0,0,3,0,0,https://www.facebook.com/nycartc
nycac-fb-4ab64a51ea87c730,401,event-route,general-coalition-communication,0,0,0,1,0,0,https://www.facebook.com/events/1744916489155981/
nycac-fb-72256ca80b2d5a2c,402,event-route,public-meetings-and-participation,1,0,0,3,0,0,https://www.facebook.com/events/969194113216500/
nycac-fb-3a9945084dcea960,403,source-or-resource-route,public-meetings-and-participation,2,1,1,44,3,25,https://www.facebook.com/nycartc
nycac-fb-5ca3a65e6d84660d,404,reshared-story,public-meetings-and-participation,1,0,0,3,0,0,https://www.facebook.com/nycartc
nycac-fb-06e3251937cb2a55,405,standalone-post,press-and-public-knowledge,1,2,0,8,0,5,https://www.facebook.com/nycartc
nycac-fb-fe7d2a3b25cecfb9,406,standalone-post,public-meetings-and-participation,1,1,0,3,0,1,https://www.facebook.com/nycartc
nycac-fb-5d813da1915ec65e,407,source-or-resource-route,nightlife-enforcement-and-governance,2,1,1,5,0,0,https://www.facebook.com/nycartc
nycac-fb-5f3a69e1af588620,408,reshared-story,nightlife-enforcement-and-governance,2,1,1,4,1,0,https://www.facebook.com/events/1694195080878798/
nycac-fb-9f8daef487301a7f,409,reshared-story,nightlife-enforcement-and-governance,2,0,0,6,0,0,https://www.facebook.com/events/1694195080878798/
nycac-fb-ae0eb3d8dea6ca4b,410,event-route,nightlife-enforcement-and-governance,2,0,0,4,0,0,https://www.facebook.com/events/1907948219437421/
nycac-fb-15a2ccd69c833f71,411,standalone-post,nightlife-enforcement-and-governance,1,0,0,13,0,11,https://www.facebook.com/nycartc
nycac-fb-00e83ecddbab489c,412,original-media-post,public-meetings-and-participation,1,0,0,3,0,1,https://www.facebook.com/photo/?fbid=1835561560031557&set=a.544849644343446
nycac-fb-ac794ad1bcb34ec3,413,original-media-post,general-coalition-communication,0,1,0,5,0,2,https://www.facebook.com/photo/?fbid=1834640603456986&set=a.544849644343446
nycac-fb-e4ff99e487169f05,414,standalone-post,general-coalition-communication,0,0,0,2,0,0,https://www.facebook.com/nycartc
nycac-fb-3e9351d6bdf21fd8,415,standalone-post,general-coalition-communication,0,0,0,0,0,0,https://www.facebook.com/nycartc
nycac-fb-aac710033c317fb5,416,event-route,general-coalition-communication,0,0,0,2,0,0,https://www.facebook.com/events/1907948219437421/
nycac-fb-659c2ce14d16ff3e,417,event-route,nightlife-enforcement-and-governance,1,0,0,3,0,0,https://www.facebook.com/events/1690646117901902/
nycac-fb-3ac216e4e7423825,418,standalone-post,cultural-space-care,1,0,0,3,0,0,https://www.facebook.com/nycartc
nycac-fb-0d77a1191f09562c,419,standalone-post,general-coalition-communication,0,0,0,0,0,2,https://www.facebook.com/nycartc
nycac-fb-4d485af75d046aa3,420,standalone-post,cultural-space-care,1,0,0,1,0,1,https://www.facebook.com/nycartc
nycac-fb-6acba16795df786e,421,event-route,general-coalition-communication,0,1,0,1,0,0,https://www.facebook.com/events/629158950604663/
nycac-fb-3f4045bcb3e86736,422,standalone-post,cultural-space-care,2,0,0,1,0,2,https://www.facebook.com/nycartc
nycac-fb-bbc089967a001292,423,original-media-post,general-coalition-communication,0,1,1,10,0,33,https://www.facebook.com/photo/?fbid=1824758847778495&set=a.544849644343446
nycac-fb-34467e36a1a540eb,424,standalone-post,event-and-cultural-distribution,1,0,0,0,0,0,https://www.facebook.com/nycartc
nycac-fb-93fce0b50c376492,425,event-route,general-coalition-communication,0,0,0,2,0,0,https://www.facebook.com/events/259391497840071/
nycac-fb-520a26ab989625f1,426,event-route,general-coalition-communication,0,0,0,3,0,0,https://www.facebook.com/events/1833265643557435/
nycac-fb-e775db53348f18a4,427,event-route,public-meetings-and-participation,2,1,0,4,0,0,https://www.facebook.com/events/1799339353722479/
nycac-fb-420d3c62f946b32e,428,standalone-post,cultural-space-care,2,1,0,2,0,0,https://www.facebook.com/nycartc
nycac-fb-4c07639c7473cc30,429,reshared-story,funding-and-operational-resources,1,1,0,3,0,0,https://www.facebook.com/nycartc
nycac-fb-2011be56c1d437ae,430,standalone-post,general-coalition-communication,0,0,0,0,0,0,https://www.facebook.com/nycartc
nycac-fb-a2d3d4956179f43b,431,standalone-post,general-coalition-communication,0,0,0,3,0,1,https://www.facebook.com/nycartc
nycac-fb-534e7ab501c551ce,432,standalone-post,general-coalition-communication,0,0,0,4,0,0,https://www.facebook.com/nycartc
nycac-fb-380aa7c65b83ac52,433,standalone-post,general-coalition-communication,0,0,0,1,0,5,https://www.facebook.com/nycartc
nycac-fb-35dfaf0c52585642,434,reshared-story,cultural-space-care,1,1,0,2,0,0,https://www.facebook.com/nycartc
nycac-fb-5466775176c56f5b,435,standalone-post,event-and-cultural-distribution,1,0,0,4,1,0,https://www.facebook.com/nycartc
nycac-fb-7fe38cdc504fd395,436,reshared-story,funding-and-operational-resources,2,0,0,1,0,0,https://www.facebook.com/events/406505576359490/?post_id=407063112970403&view=permalink
nycac-fb-f530a874901f7051,437,event-route,general-coalition-communication,0,1,1,2,1,0,https://www.facebook.com/events/406505576359490/
nycac-fb-a2ffcb1c57d81a55,438,event-route,public-meetings-and-participation,1,0,0,4,0,0,https://www.facebook.com/events/406505576359490/
nycac-fb-342c6801614953bc,439,reshared-story,cultural-space-care,1,0,0,1,0,0,https://www.facebook.com/events/388137698233507/?post_id=391653304548613&view=permalink
nycac-fb-47c916c2045039f6,440,standalone-post,funding-and-operational-resources,2,0,0,2,0,4,https://www.facebook.com/nycartc
nycac-fb-cd5220b6b4ca076b,441,standalone-post,public-meetings-and-participation,1,1,0,6,0,1,https://www.facebook.com/nycartc
