ledger_id,status_id,date,record_type,account,primary_theme,service_recognition,mentioned_handles,hashtags,status_url,accounting_status
recovered-001,706146203604492288,2016-03-05,repost,ppolitics,civic-and-public-context,false,betanyc|NYCCouncil|ppolitics,NYC|opengov,https://x.com/ppolitics/status/706146203604492288,recovered
recovered-002,706208629360304128,2016-03-05,authored-post,CallNYCapp,launch-and-press,false,CallNYCapp|NYCCouncil,nycSoData|OpenDataDay,https://x.com/CallNYCapp/status/706208629360304128,recovered
recovered-003,707677287366467584,2016-03-09,authored-post,CallNYCapp,resident-facing-product-interface,false,CallNYCapp|NYCCouncil,CallNYC,https://x.com/CallNYCapp/status/707677287366467584,recovered
recovered-004,710150246781882369,2016-03-16,authored-reply,CallNYCapp,direct-conversation,false,CallNYCapp|noneck,,https://x.com/CallNYCapp/status/710150246781882369,recovered
recovered-005,710154803054301184,2016-03-16,authored-reply,CallNYCapp,direct-conversation,false,CallNYCapp|noneck,,https://x.com/CallNYCapp/status/710154803054301184,recovered
recovered-006,710498412349800450,2016-03-17,authored-post,CallNYCapp,project-commentary,false,alizauf|CallNYCapp,311,https://x.com/CallNYCapp/status/710498412349800450,recovered
recovered-007,710507767447031808,2016-03-17,authored-post,CallNYCapp,launch-and-press,false,CallNYCapp|Politico,,https://x.com/CallNYCapp/status/710507767447031808,recovered
recovered-008,712349795403374592,2016-03-22,authored-post,CallNYCapp,service-recognition,true,CallNYCapp|JimmyVanBramer|NYCCouncil,MostService,https://x.com/CallNYCapp/status/712349795403374592,recovered
recovered-009,713537148000018432,2016-03-26,authored-post,CallNYCapp,resident-facing-product-interface,false,CallNYCapp|noneck|NYCCouncil|ppolitics,opendata,https://x.com/CallNYCapp/status/713537148000018432,recovered
recovered-010,715139663384547328,2016-03-30,repost,chris_whong,civic-and-public-context,false,chris_whong|nyc311,opendata,https://x.com/chris_whong/status/715139663384547328,recovered
recovered-011,722837286476390401,2016-04-20,authored-reply,CallNYCapp,direct-conversation,false,CallNYCapp|noneck|NYCCouncil|ppolitics,,https://x.com/CallNYCapp/status/722837286476390401,recovered
recovered-012,722837868008177664,2016-04-20,authored-post,CallNYCapp,service-recognition,true,CallNYCapp|NYCCouncil|RitchieTorres,CallNYC|USCitizenship,https://x.com/CallNYCapp/status/722837868008177664,recovered
recovered-013,722928370237853696,2016-04-20,authored-post,CallNYCapp,service-recognition,true,CallNYCapp|NYCCouncil|StephenLevin33,CallNYC|Libraries,https://x.com/CallNYCapp/status/722928370237853696,recovered
recovered-014,723132373114572801,2016-04-21,authored-post,CallNYCapp,service-recognition,true,CallNYCapp|NYCCouncil|RLEspinal,CallNYC|FoodStamps,https://x.com/CallNYCapp/status/723132373114572801,recovered
recovered-015,723153082096345092,2016-04-21,authored-post,CallNYCapp,service-recognition,true,CallNYCapp|HelenRosenthal|NYCCouncil,CallNYC|LandlordIssues,https://x.com/CallNYCapp/status/723153082096345092,recovered
recovered-016,723249608659443712,2016-04-21,authored-post,CallNYCapp,service-recognition,true,CallNYCapp|NYCCouncil|ydanis,CallNYC|NYCHANewApplication,https://x.com/CallNYCapp/status/723249608659443712,recovered
recovered-017,723313062950907905,2016-04-22,authored-post,CallNYCapp,service-recognition,true,CallNYCapp|JimmyVanBramer|NYCCouncil,NYCHABuildingMaintenance,https://x.com/CallNYCapp/status/723313062950907905,recovered
recovered-018,723546610576306176,2016-04-22,authored-post,CallNYCapp,service-recognition,true,CallNYCapp|CMMathieuEugene|NYCCouncil,CallNYC|Immigration,https://x.com/CallNYCapp/status/723546610576306176,recovered
recovered-019,723547805709676544,2016-04-22,authored-post,CallNYCapp,service-recognition,true,CallNYCapp|NYCCouncil|NYCGreenfield,EarthDay|TreePlanting,https://x.com/CallNYCapp/status/723547805709676544,recovered
recovered-020,724723473852059649,2016-04-25,authored-post,CallNYCapp,service-recognition,true,BenKallos|CallNYCapp|NYCCouncil,CallNYC|GeneralConstruction,https://x.com/CallNYCapp/status/724723473852059649,recovered
recovered-021,724727480909705216,2016-04-25,authored-post,CallNYCapp,service-recognition,true,CallNYCapp|ChaimDeutsch|NYCCouncil,CallNYC|ParkMaintenance,https://x.com/CallNYCapp/status/724727480909705216,recovered
recovered-022,724767660353949697,2016-04-26,authored-post,CallNYCapp,service-recognition,true,CallNYCapp|Dromm25|NYCCouncil,CallNYC|Noise,https://x.com/CallNYCapp/status/724767660353949697,recovered
recovered-023,724986599419875333,2016-04-26,authored-post,CallNYCapp,service-recognition,true,CallNYCapp|NYCCouncil|RitchieTorres,CallNYC|TaxPrepAssistance,https://x.com/CallNYCapp/status/724986599419875333,recovered
recovered-024,725048363528392704,2016-04-26,authored-post,CallNYCapp,service-recognition,true,CallNYCapp|NYCCouncil|StevenMatteo,CallNYC|StreetResurfacing,https://x.com/CallNYCapp/status/725048363528392704,recovered
recovered-025,725052316978663426,2016-04-26,authored-post,CallNYCapp,service-recognition,true,CallNYCapp|MMViverito|NYCCouncil,CallNYC|NYCHATransfer,https://x.com/CallNYCapp/status/725052316978663426,recovered
recovered-026,725084356432269313,2016-04-26,authored-post,CallNYCapp,service-recognition,true,CallNYCapp|MarkTreyger718|NYCCouncil,CallNYC|Employment,https://x.com/CallNYCapp/status/725084356432269313,recovered
recovered-027,725334082364821504,2016-04-27,authored-post,CallNYCapp,service-recognition,true,CallNYCapp|NYCCouncil|Vanessalgibson,CommunityBasedOrg,https://x.com/CallNYCapp/status/725334082364821504,recovered
recovered-028,725403215282487296,2016-04-27,authored-post,CallNYCapp,service-recognition,true,CallNYCapp|CMPeterKoo|NYCCouncil,CallNYC|Lifeline,https://x.com/CallNYCapp/status/725403215282487296,recovered
recovered-029,725445909241278468,2016-04-27,authored-post,CallNYCapp,service-recognition,true,CallNYCapp|ElizCrowleyNYC|NYCCouncil,AnimalCare|WildAnimal,https://x.com/CallNYCapp/status/725445909241278468,recovered
recovered-030,725447728503902211,2016-04-27,authored-post,CallNYCapp,service-recognition,true,CallNYCapp|cmenchaca|NYCCouncil,CityServicesAndBenefits,https://x.com/CallNYCapp/status/725447728503902211,recovered
recovered-031,725462205173518338,2016-04-27,authored-post,CallNYCapp,service-recognition,true,CallNYCapp|NYCCouncil|RosieMendez,CallNYC|HomelessShelter,https://x.com/CallNYCapp/status/725462205173518338,recovered
recovered-032,725783813880684544,2016-04-28,authored-post,CallNYCapp,service-recognition,true,CallNYCapp|NYCCouncil|RLEspinal,AffordableHousing|CallNYC,https://x.com/CallNYCapp/status/725783813880684544,recovered
recovered-033,725788478676570113,2016-04-28,repost,Gothamist,civic-and-public-context,false,Gothamist,bikenyc,https://x.com/Gothamist/status/725788478676570113,recovered
recovered-034,725789777673465857,2016-04-28,authored-post,CallNYCapp,service-recognition,true,CallNYCapp|HelenRosenthal|NYCCouncil,CallNYC|LeaseIssue,https://x.com/CallNYCapp/status/725789777673465857,recovered
recovered-035,725813046631911424,2016-04-28,authored-post,CallNYCapp,service-recognition,true,CallNYCapp|JimmyVanBramer|NYCCouncil,LandUseApplication,https://x.com/CallNYCapp/status/725813046631911424,recovered
recovered-036,726080902024040448,2016-04-29,authored-post,CallNYCapp,service-recognition,true,CallNYCapp|CMMathieuEugene|NYCCouncil,CallNYC|GreenCard,https://x.com/CallNYCapp/status/726080902024040448,recovered
recovered-037,726819779953188865,2016-05-01,authored-post,CallNYCapp,service-recognition,true,CallNYCapp|NYCCouncil|NYCGreenfield,CallNYC|ConEdison,https://x.com/CallNYCapp/status/726819779953188865,recovered
recovered-038,726900698827358208,2016-05-01,authored-post,CallNYCapp,service-recognition,true,CallNYCapp|FCabreraNY|NYCCouncil,CallNYC|RentalArrears,https://x.com/CallNYCapp/status/726900698827358208,recovered
recovered-039,727164122106847233,2016-05-02,authored-post,CallNYCapp,service-recognition,true,CallNYCapp|ChaimDeutsch|NYCCouncil,CallNYC|StreetLights,https://x.com/CallNYCapp/status/727164122106847233,recovered
recovered-040,727218948127739905,2016-05-02,authored-post,CallNYCapp,project-commentary,false,CallNYCapp|Organize20|spedwybabs,CatPictures|org20,https://x.com/CallNYCapp/status/727218948127739905,recovered
recovered-041,727251825414561792,2016-05-02,authored-post,CallNYCapp,service-recognition,true,BenKallos|CallNYCapp|NYCCouncil,Bicycle|BikeMonth|CallNYC,https://x.com/CallNYCapp/status/727251825414561792,recovered
recovered-042,727528637340241920,2016-05-03,authored-post,CallNYCapp,service-recognition,true,CallNYCapp|IDaneekMiller|NYCCouncil,CallNYC|SnowRemoval,https://x.com/CallNYCapp/status/727528637340241920,recovered
recovered-043,727601279984381952,2016-05-03,authored-post,CallNYCapp,service-recognition,true,CallNYCapp|MMViverito|NYCCouncil,CallNYC|Heat|HotWater,https://x.com/CallNYCapp/status/727601279984381952,recovered
recovered-044,727619816081784832,2016-05-03,authored-post,CallNYCapp,service-recognition,true,CallNYCapp|NYCCouncil|StevenMatteo,CallNYC|PotHoles,https://x.com/CallNYCapp/status/727619816081784832,recovered
recovered-045,727689676115611650,2016-05-04,authored-post,CallNYCapp,service-recognition,true,CallNYCapp|MarkTreyger718|NYCCouncil,CallNYC|VotingInfo,https://x.com/CallNYCapp/status/727689676115611650,recovered
recovered-046,727878157076959232,2016-05-04,authored-post,CallNYCapp,civic-technology-context,false,CallNYCapp|NYCCouncil,CouncilStat|OpenData,https://x.com/CallNYCapp/status/727878157076959232,recovered
recovered-047,727880846271782913,2016-05-04,authored-post,CallNYCapp,civic-technology-context,false,CallNYCapp|cartoDB|CivicHall|mapzen|NYCCouncil,ConstituentServices|CouncilStat|OpenData,https://x.com/CallNYCapp/status/727880846271782913,recovered
recovered-048,727919445763575809,2016-05-04,authored-reply,CallNYCapp,direct-conversation,false,CallNYCapp|StevenMatteo,ConstituentServices|OpenData,https://x.com/CallNYCapp/status/727919445763575809,recovered
recovered-049,728001482692399104,2016-05-04,authored-post,CallNYCapp,service-recognition,true,bradlander|CallNYCapp|NYCCouncil,CallNYC|PedestrianSafety,https://x.com/CallNYCapp/status/728001482692399104,recovered
recovered-050,728259132705353728,2016-05-05,repost,CMPeterKoo,council-response-amplification,false,CMPeterKoo|JihaJacques|NYCFinance|SelfhelpNY,DRIE|SCRIE,https://x.com/CMPeterKoo/status/728259132705353728,recovered
recovered-051,728333768226947077,2016-05-05,authored-post,CallNYCapp,service-recognition,true,CallNYCapp|HelenRosenthal|NYCCouncil,CallNYC|Eviction,https://x.com/CallNYCapp/status/728333768226947077,recovered
recovered-052,728666490250113026,2016-05-06,authored-post,CallNYCapp,service-recognition,true,CallNYCapp|NYCCouncil|RLEspinal,CallNYC|Section8,https://x.com/CallNYCapp/status/728666490250113026,recovered
recovered-053,728692814079463429,2016-05-06,authored-post,CallNYCapp,civic-technology-context,false,CallNYCapp|NYCCouncil,ConstituentService|Tech4all,https://x.com/CallNYCapp/status/728692814079463429,recovered
recovered-054,729670658406400001,2016-05-09,repost,darrenbloch,civic-and-public-context,false,darrenbloch|deBlasioNYC,NYCdigital,https://x.com/darrenbloch/status/729670658406400001,recovered
recovered-055,729673498608685058,2016-05-09,repost,CivicHall,civic-and-public-context,false,BilldeBlasio|CivicHall,nycdigital,https://x.com/CivicHall/status/729673498608685058,recovered
recovered-056,729676362634629120,2016-05-09,repost,NYCMayorsOffice,civic-and-public-context,false,BillDeBlasio|NYCMayorsOffice,NYCdigital,https://x.com/NYCMayorsOffice/status/729676362634629120,recovered
recovered-057,729713874715455488,2016-05-09,authored-post,CallNYCapp,civic-technology-context,false,BilldeBlasio|CallNYCapp,nycdigital,https://x.com/CallNYCapp/status/729713874715455488,recovered
recovered-058,729737077340946432,2016-05-09,authored-post,CallNYCapp,civic-technology-context,false,BilldeBlasio|CallNYCapp|galeabrewer|NYCCouncil,NYCDigital|OpenData,https://x.com/CallNYCapp/status/729737077340946432,recovered
recovered-059,729741165273165824,2016-05-09,authored-reply,CallNYCapp,direct-conversation,false,BilldeBlasio|CallNYCapp|ibookery,,https://x.com/CallNYCapp/status/729741165273165824,recovered
recovered-060,729757799647981570,2016-05-09,authored-post,CallNYCapp,resident-resource,false,CallNYCapp|NYCHRA,AntiEviction|FreeLegalServices,https://x.com/CallNYCapp/status/729757799647981570,recovered
recovered-061,729830383689281537,2016-05-10,authored-post,CallNYCapp,service-recognition,true,CallNYCapp|ChaimDeutsch|NYCCouncil,TreesAndSidewalksProgram,https://x.com/CallNYCapp/status/729830383689281537,recovered
recovered-062,729832019304194052,2016-05-10,authored-post,CallNYCapp,service-recognition,true,CallNYCapp|CMMathieuEugene|NYCCouncil,Immigration|Visas,https://x.com/CallNYCapp/status/729832019304194052,recovered
recovered-063,729835258808537088,2016-05-10,authored-post,CallNYCapp,service-recognition,true,CallNYCapp|CMMathieuEugene|NYCCouncil,Visas,https://x.com/CallNYCapp/status/729835258808537088,recovered
recovered-064,730739253358018561,2016-05-12,authored-post,CallNYCapp,service-recognition,true,CallNYCapp|HelenRosenthal|NYCCouncil,NYCHABuildingMaintenance,https://x.com/CallNYCapp/status/730739253358018561,recovered
recovered-065,730838778772893696,2016-05-12,authored-post,CallNYCapp,resident-facing-product-interface,false,CallNYCapp|JimmyVanBramer|MMViverito|NYCCouncil|twitter,CallNYC,https://x.com/CallNYCapp/status/730838778772893696,recovered
recovered-066,730842213429710850,2016-05-12,authored-post,CallNYCapp,service-recognition,true,CallNYCapp|JimmyVanBramer|NYCCouncil,TrafficEnforcement,https://x.com/CallNYCapp/status/730842213429710850,recovered
recovered-067,730856560071741440,2016-05-12,authored-post,CallNYCapp,service-recognition,true,CallNYCapp|NYCCouncil|NYCGreenfield,CallNYC|DirtySidewalks,https://x.com/CallNYCapp/status/730856560071741440,recovered
recovered-068,730862177037488128,2016-05-12,repost,StephCW_,civic-and-public-context,false,StephCW_,dataisbeautiful,https://x.com/StephCW_/status/730862177037488128,recovered
recovered-069,731168037433450496,2016-05-13,authored-post,CallNYCapp,service-recognition,true,CallNYCapp|NYCCouncil|RLEspinal,CallNYC|Medicaid,https://x.com/CallNYCapp/status/731168037433450496,recovered
recovered-070,731212042863005697,2016-05-13,authored-post,CallNYCapp,service-recognition,true,CallNYCapp|CM_MargaretChin|NYCCouncil,Heat|HotWater,https://x.com/CallNYCapp/status/731212042863005697,recovered
recovered-071,731254021000986624,2016-05-13,authored-post,CallNYCapp,service-recognition,true,BenKallos|CallNYCapp|NYCCouncil,Buses|CallNYC,https://x.com/CallNYCapp/status/731254021000986624,recovered
recovered-072,731873940923109376,2016-05-15,authored-post,CallNYCapp,service-recognition,true,CallNYCapp|CM_RubenWills|NYCCouncil,BuildingsViolation|CallNYC,https://x.com/CallNYCapp/status/731873940923109376,recovered
recovered-073,732370968946065408,2016-05-17,authored-post,CallNYCapp,service-recognition,true,CallNYCapp|ChaimDeutsch|NYCCouncil,CallNYC|ConEdison,https://x.com/CallNYCapp/status/732370968946065408,recovered
recovered-074,732660179540578306,2016-05-17,authored-post,CallNYCapp,service-recognition,true,CallNYCapp|NYCCouncil|StevenMatteo,CallNYC|TrafficSignal,https://x.com/CallNYCapp/status/732660179540578306,recovered
recovered-075,732687384597430273,2016-05-17,authored-post,CallNYCapp,service-recognition,true,CallNYCapp|MMViverito|NYCCouncil,CallNYC|IDNYC,https://x.com/CallNYCapp/status/732687384597430273,recovered
recovered-076,732752376709447680,2016-05-18,authored-post,CallNYCapp,service-recognition,true,CallNYCapp|ElizCrowleyNYC|NYCCouncil,CallNYC|Recycling,https://x.com/CallNYCapp/status/732752376709447680,recovered
recovered-077,732928060635373569,2016-05-18,authored-post,CallNYCapp,service-recognition,true,CallNYCapp|MarkTreyger718|NYCCouncil,CallNYC|HospitalFacility,https://x.com/CallNYCapp/status/732928060635373569,recovered
recovered-078,732959093225345024,2016-05-18,authored-post,CallNYCapp,resident-resource,false,CallNYCapp|CoreyinNYC|DanGarodnick|galeabrewer|GoddardRiv|HelenRosenthal|MarkLevineNYC|RentJustice,RentGuidelinesBoard|RentStabilized,https://x.com/CallNYCapp/status/732959093225345024,recovered
recovered-079,733027856025047041,2016-05-18,authored-post,CallNYCapp,service-recognition,true,CallNYCapp|NYCCouncil|RosieMendez,CallNYC|EmergencyRepairs,https://x.com/CallNYCapp/status/733027856025047041,recovered
recovered-080,733063600152141825,2016-05-18,authored-post,CallNYCapp,service-recognition,true,CallNYCapp|NYCCouncil|ydanis,CallNYC|RentOvercharges,https://x.com/CallNYCapp/status/733063600152141825,recovered
recovered-081,733089563334299648,2016-05-19,repost,ydanis,council-response-amplification,false,CallNYCapp|NYCCouncil|ydanis,CallNYC|RentOvercharges,https://x.com/ydanis/status/733089563334299648,recovered
recovered-082,733387247362379777,2016-05-19,authored-post,CallNYCapp,service-recognition,true,CallNYCapp|HelenRosenthal|NYCCouncil,CallNYC|SCRIE,https://x.com/CallNYCapp/status/733387247362379777,recovered
recovered-083,733388862806982656,2016-05-19,authored-reply,CallNYCapp,direct-conversation,false,CallNYCapp|HelenRosenthal|NYCCouncil|NYCSeniors,RentFreeze|SCRIE,https://x.com/CallNYCapp/status/733388862806982656,recovered
recovered-084,733410096915550208,2016-05-19,repost,RosieMendez,council-response-amplification,false,CallNYCapp|CarlinaRivera|EvillPunki|Fadonna|NYCCouncil|RosieMendez|shyviviana,CallNYC|EmergencyRepairs|TeamRosie,https://x.com/RosieMendez/status/733410096915550208,recovered
recovered-085,733440491673489408,2016-05-19,repost,CarlinaRivera,council-response-amplification,false,CallNYCapp|CarlinaRivera|NYCCouncil|RosieMendez,CallNYC|EmergencyRepairs|NYCtenants,https://x.com/CarlinaRivera/status/733440491673489408,recovered
recovered-086,733649303223336960,2016-05-20,authored-post,CallNYCapp,service-recognition,true,CallNYCapp|NYCCouncil|NYCGreenfield,ImWalkinHere|Sidewalks,https://x.com/CallNYCapp/status/733649303223336960,recovered
recovered-087,734492930262585344,2016-05-22,authored-post,CallNYCapp,service-recognition,true,CallNYCapp|NYCCouncil|RLEspinal,CallNYC|Housing|LegalServices,https://x.com/CallNYCapp/status/734492930262585344,recovered
recovered-088,734897908353470464,2016-05-24,authored-post,CallNYCapp,service-recognition,true,CallNYCapp|ChaimDeutsch|NYCCouncil,CallNYC|ParkingPermits,https://x.com/CallNYCapp/status/734897908353470464,recovered
recovered-089,735214806249144320,2016-05-24,authored-post,CallNYCapp,service-recognition,true,CallNYCapp|JimmyVanBramer|NYCCouncil,CallNYC|SpeedBumpRequest,https://x.com/CallNYCapp/status/735214806249144320,recovered
recovered-090,735644754340401152,2016-05-26,authored-post,CallNYCapp,service-recognition,true,CallNYCapp|NYCCouncil|StevenMatteo,CallNYC|StreetSigns,https://x.com/CallNYCapp/status/735644754340401152,recovered
recovered-091,735914869782904832,2016-05-26,authored-post,CallNYCapp,service-recognition,true,CallNYCapp|HelenRosenthal|NYCCouncil,CallNYC|SeniorHousing,https://x.com/CallNYCapp/status/735914869782904832,recovered
recovered-092,736904163414675456,2016-05-29,authored-post,CallNYCapp,service-recognition,true,CallNYCapp|MMViverito|NYCCouncil,CallNYC|NYCHAMisc,https://x.com/CallNYCapp/status/736904163414675456,recovered
recovered-093,738115545002807296,2016-06-01,authored-post,CallNYCapp,service-recognition,true,CallNYCapp|NYCCouncil|RLEspinal,CallNYC|GreenCard,https://x.com/CallNYCapp/status/738115545002807296,recovered
recovered-094,738140834973900800,2016-06-01,authored-post,CallNYCapp,service-recognition,true,CallNYCapp|ChaimDeutsch|NYCCouncil,AccessARide|CallNYC,https://x.com/CallNYCapp/status/738140834973900800,recovered
recovered-095,738458056716091392,2016-06-02,authored-post,CallNYCapp,service-recognition,true,CallNYCapp|HelenRosenthal|NYCCouncil,BuildingMaintenance|CallNYC,https://x.com/CallNYCapp/status/738458056716091392,recovered
recovered-096,748532929802997760,2016-06-30,authored-post,CallNYCapp,service-recognition,true,CallNYCapp|NYCCouncil|StevenMatteo,CallNYC|StreetFlooding,https://x.com/CallNYCapp/status/748532929802997760,recovered
recovered-097,753631998221033472,2016-07-14,authored-post,CallNYCapp,service-recognition,true,CallNYCapp|CMReynoso34|NYCCouncil,CallNYC|TaxPrep,https://x.com/CallNYCapp/status/753631998221033472,recovered
recovered-098,753678962501390336,2016-07-14,authored-post,CallNYCapp,service-recognition,true,CallNYCapp|MMViverito|NYCCouncil|NYCHA,CallNYC,https://x.com/CallNYCapp/status/753678962501390336,recovered
recovered-099,773637656555163648,2016-09-07,authored-post,CallNYCapp,service-recognition,true,CallNYCapp|JulissaFerreras|NYCCouncil,AffordableHousing|CallNYC,https://x.com/CallNYCapp/status/773637656555163648,recovered
recovered-100,775370427644411904,2016-09-12,authored-post,CallNYCapp,service-recognition,true,CallNYCapp|JimmyVanBramer|NYCCouncil,NYCHABuildingMaintenance,https://x.com/CallNYCapp/status/775370427644411904,recovered
recovered-101,776509377897500672,2016-09-15,authored-post,CallNYCapp,service-recognition,true,CallNYCapp|JulissaFerreras|NYCCouncil,CallNYC|FoodStamps,https://x.com/CallNYCapp/status/776509377897500672,recovered
recovered-102,780797474277511170,2016-09-27,repost,HelenRosenthal,council-response-amplification,false,GoddardRiv|HelenRosenthal|HousingConCoord|MFYLegal|NYCCouncil,,https://x.com/HelenRosenthal/status/780797474277511170,recovered
recovered-103,783022174890229760,2016-10-03,authored-post,CallNYCapp,service-recognition,true,CallNYCapp|CMMathieuEugene|NYCCouncil|NYCHousing,CallNYC|HPDHousingLottery,https://x.com/CallNYCapp/status/783022174890229760,recovered
recovered-104,783305320508514304,2016-10-04,repost,CMMathieuEugene,council-response-amplification,false,CallNYCapp|CMMathieuEugene|NYCCouncil|NYCHousing,CallNYC|housing|HPDHousingLottery,https://x.com/CMMathieuEugene/status/783305320508514304,recovered
recovered-105,783410245632655364,2016-10-04,authored-post,CallNYCapp,service-recognition,true,CallNYCapp|ChaimDeutsch|NYCCouncil,CallNYC|WaterQuality,https://x.com/CallNYCapp/status/783410245632655364,recovered
recovered-106,796473557387575297,2016-11-09,repost,wowlist,cross-project-continuity,false,wowlist,DownWithTrump,https://x.com/wowlist/status/796473557387575297,recovered
recovered-107,798274424763981824,2016-11-14,repost,wowlist,cross-project-continuity,false,wowlist,NotMyPresident|WeAreThePopularVote,https://x.com/wowlist/status/798274424763981824,recovered
unresolved-001,,,unresolved-control-gap,CallNYCApp,unresolved,false,,,,unrecovered
unresolved-002,,,unresolved-control-gap,CallNYCApp,unresolved,false,,,,unrecovered
unresolved-003,,,unresolved-control-gap,CallNYCApp,unresolved,false,,,,unrecovered
