ledger_id,year,record_type,primary_theme,accounting_status,public_detail_status
recovered-0001,2008,authored-post,everyday-life-and-observation,recovered,aggregate-only
recovered-0002,2009,authored-post,community-and-hospitality,recovered,aggregate-only
recovered-0003,2009,authored-post,everyday-life-and-observation,recovered,aggregate-only
recovered-0004,2009,authored-post,everyday-life-and-observation,recovered,aggregate-only
recovered-0005,2009,authored-post,waterways-place-and-ecology,recovered,aggregate-only
recovered-0006,2009,authored-post,community-and-hospitality,recovered,aggregate-only
recovered-0007,2009,authored-post,everyday-life-and-observation,recovered,aggregate-only
recovered-0008,2009,authored-post,everyday-life-and-observation,recovered,aggregate-only
recovered-0009,2009,authored-reply,everyday-life-and-observation,recovered,aggregate-only
recovered-0010,2009,authored-post,waterways-place-and-ecology,recovered,aggregate-only
recovered-0011,2009,authored-post,everyday-life-and-observation,recovered,aggregate-only
recovered-0012,2009,authored-post,everyday-life-and-observation,recovered,aggregate-only
recovered-0013,2009,authored-post,culture-art-and-performance,recovered,aggregate-only
recovered-0014,2009,authored-post,everyday-life-and-observation,recovered,aggregate-only
recovered-0015,2009,authored-post,technical-and-digital-practice,recovered,aggregate-only
recovered-0016,2009,authored-post,everyday-life-and-observation,recovered,aggregate-only
recovered-0017,2009,authored-post,everyday-life-and-observation,recovered,aggregate-only
recovered-0018,2009,authored-post,everyday-life-and-observation,recovered,aggregate-only
recovered-0019,2009,authored-post,everyday-life-and-observation,recovered,aggregate-only
recovered-0020,2009,authored-post,everyday-life-and-observation,recovered,aggregate-only
recovered-0021,2009,authored-post,waterways-place-and-ecology,recovered,aggregate-only
recovered-0022,2009,authored-post,culture-art-and-performance,recovered,aggregate-only
recovered-0023,2009,authored-post,waterways-place-and-ecology,recovered,aggregate-only
recovered-0024,2009,authored-post,everyday-life-and-observation,recovered,aggregate-only
recovered-0025,2009,authored-post,everyday-life-and-observation,recovered,aggregate-only
recovered-0026,2009,authored-post,culture-art-and-performance,recovered,aggregate-only
recovered-0027,2009,authored-post,everyday-life-and-observation,recovered,aggregate-only
recovered-0028,2009,authored-reply,everyday-life-and-observation,recovered,aggregate-only
recovered-0029,2009,authored-post,technical-and-digital-practice,recovered,aggregate-only
recovered-0030,2009,authored-reply,waterways-place-and-ecology,recovered,aggregate-only
recovered-0031,2009,authored-post,waterways-place-and-ecology,recovered,aggregate-only
recovered-0032,2009,authored-post,media-only-or-text-unavailable,recovered,aggregate-only
recovered-0033,2009,authored-reply,civic-and-public-interest-work,recovered,aggregate-only
recovered-0034,2009,authored-post,waterways-place-and-ecology,recovered,aggregate-only
recovered-0035,2009,authored-post,community-and-hospitality,recovered,aggregate-only
recovered-0036,2009,authored-post,everyday-life-and-observation,recovered,aggregate-only
recovered-0037,2009,authored-post,everyday-life-and-observation,recovered,aggregate-only
recovered-0038,2009,authored-post,waterways-place-and-ecology,recovered,aggregate-only
recovered-0039,2009,authored-post,care-memory-and-relationships,recovered,aggregate-only
recovered-0040,2009,authored-post,culture-art-and-performance,recovered,aggregate-only
recovered-0041,2009,authored-post,everyday-life-and-observation,recovered,aggregate-only
recovered-0042,2009,authored-post,technical-and-digital-practice,recovered,aggregate-only
recovered-0043,2009,authored-post,community-and-hospitality,recovered,aggregate-only
recovered-0044,2009,authored-post,waterways-place-and-ecology,recovered,aggregate-only
recovered-0045,2009,authored-post,care-memory-and-relationships,recovered,aggregate-only
recovered-0046,2009,authored-post,everyday-life-and-observation,recovered,aggregate-only
recovered-0047,2009,authored-post,everyday-life-and-observation,recovered,aggregate-only
recovered-0048,2009,authored-post,culture-art-and-performance,recovered,aggregate-only
recovered-0049,2009,authored-post,everyday-life-and-observation,recovered,aggregate-only
recovered-0050,2009,authored-post,civic-and-public-interest-work,recovered,aggregate-only
recovered-0051,2010,authored-post,everyday-life-and-observation,recovered,aggregate-only
recovered-0052,2010,authored-post,technical-and-digital-practice,recovered,aggregate-only
recovered-0053,2010,authored-post,everyday-life-and-observation,recovered,aggregate-only
recovered-0054,2010,authored-post,everyday-life-and-observation,recovered,aggregate-only
recovered-0055,2010,authored-post,everyday-life-and-observation,recovered,aggregate-only
recovered-0056,2010,authored-post,everyday-life-and-observation,recovered,aggregate-only
recovered-0057,2011,authored-post,waterways-place-and-ecology,recovered,aggregate-only
recovered-0058,2011,authored-post,civic-and-public-interest-work,recovered,aggregate-only
recovered-0059,2011,authored-post,everyday-life-and-observation,recovered,aggregate-only
recovered-0060,2011,authored-post,civic-and-public-interest-work,recovered,aggregate-only
recovered-0061,2012,authored-post,everyday-life-and-observation,recovered,aggregate-only
recovered-0062,2012,authored-post,civic-and-public-interest-work,recovered,aggregate-only
recovered-0063,2012,authored-post,civic-and-public-interest-work,recovered,aggregate-only
recovered-0064,2012,authored-post,care-memory-and-relationships,recovered,aggregate-only
recovered-0065,2012,authored-post,everyday-life-and-observation,recovered,aggregate-only
recovered-0066,2012,authored-post,everyday-life-and-observation,recovered,aggregate-only
recovered-0067,2012,authored-post,everyday-life-and-observation,recovered,aggregate-only
recovered-0068,2012,authored-post,everyday-life-and-observation,recovered,aggregate-only
recovered-0069,2012,authored-post,culture-art-and-performance,recovered,aggregate-only
recovered-0070,2012,authored-post,everyday-life-and-observation,recovered,aggregate-only
recovered-0071,2012,authored-post,everyday-life-and-observation,recovered,aggregate-only
recovered-0072,2012,authored-post,everyday-life-and-observation,recovered,aggregate-only
recovered-0073,2013,authored-post,community-and-hospitality,recovered,aggregate-only
recovered-0074,2013,authored-post,everyday-life-and-observation,recovered,aggregate-only
recovered-0075,2013,authored-post,culture-art-and-performance,recovered,aggregate-only
recovered-0076,2013,authored-post,everyday-life-and-observation,recovered,aggregate-only
recovered-0077,2013,authored-post,everyday-life-and-observation,recovered,aggregate-only
recovered-0078,2013,authored-post,everyday-life-and-observation,recovered,aggregate-only
recovered-0079,2013,authored-post,everyday-life-and-observation,recovered,aggregate-only
recovered-0080,2013,repost,community-and-hospitality,recovered,aggregate-only
recovered-0081,2013,authored-post,technical-and-digital-practice,recovered,aggregate-only
recovered-0082,2013,authored-post,everyday-life-and-observation,recovered,aggregate-only
recovered-0083,2013,authored-post,everyday-life-and-observation,recovered,aggregate-only
recovered-0084,2013,authored-post,everyday-life-and-observation,recovered,aggregate-only
recovered-0085,2013,authored-post,community-and-hospitality,recovered,aggregate-only
recovered-0086,2013,authored-post,everyday-life-and-observation,recovered,aggregate-only
recovered-0087,2013,authored-post,culture-art-and-performance,recovered,aggregate-only
recovered-0088,2013,authored-post,community-and-hospitality,recovered,aggregate-only
recovered-0089,2013,authored-post,culture-art-and-performance,recovered,aggregate-only
recovered-0090,2013,authored-post,culture-art-and-performance,recovered,aggregate-only
recovered-0091,2013,authored-post,culture-art-and-performance,recovered,aggregate-only
recovered-0092,2013,repost,everyday-life-and-observation,recovered,aggregate-only
recovered-0093,2013,authored-reply,everyday-life-and-observation,recovered,aggregate-only
recovered-0094,2013,authored-post,culture-art-and-performance,recovered,aggregate-only
recovered-0095,2013,authored-post,everyday-life-and-observation,recovered,aggregate-only
recovered-0096,2013,authored-post,community-and-hospitality,recovered,aggregate-only
recovered-0097,2013,authored-post,community-and-hospitality,recovered,aggregate-only
recovered-0098,2013,authored-post,everyday-life-and-observation,recovered,aggregate-only
recovered-0099,2013,authored-post,culture-art-and-performance,recovered,aggregate-only
recovered-0100,2013,authored-post,community-and-hospitality,recovered,aggregate-only
recovered-0101,2013,authored-post,culture-art-and-performance,recovered,aggregate-only
recovered-0102,2013,authored-post,culture-art-and-performance,recovered,aggregate-only
recovered-0103,2013,authored-post,everyday-life-and-observation,recovered,aggregate-only
recovered-0104,2013,authored-post,everyday-life-and-observation,recovered,aggregate-only
recovered-0105,2013,authored-post,community-and-hospitality,recovered,aggregate-only
recovered-0106,2013,authored-post,culture-art-and-performance,recovered,aggregate-only
recovered-0107,2013,authored-post,culture-art-and-performance,recovered,aggregate-only
recovered-0108,2013,authored-post,waterways-place-and-ecology,recovered,aggregate-only
recovered-0109,2013,authored-post,care-memory-and-relationships,recovered,aggregate-only
recovered-0110,2013,authored-post,everyday-life-and-observation,recovered,aggregate-only
recovered-0111,2013,authored-post,everyday-life-and-observation,recovered,aggregate-only
recovered-0112,2013,authored-post,everyday-life-and-observation,recovered,aggregate-only
recovered-0113,2013,authored-post,everyday-life-and-observation,recovered,aggregate-only
recovered-0114,2013,authored-post,everyday-life-and-observation,recovered,aggregate-only
recovered-0115,2013,authored-post,everyday-life-and-observation,recovered,aggregate-only
recovered-0116,2013,authored-post,everyday-life-and-observation,recovered,aggregate-only
recovered-0117,2013,authored-post,everyday-life-and-observation,recovered,aggregate-only
recovered-0118,2013,authored-post,everyday-life-and-observation,recovered,aggregate-only
recovered-0119,2013,authored-post,community-and-hospitality,recovered,aggregate-only
recovered-0120,2013,authored-post,community-and-hospitality,recovered,aggregate-only
recovered-0121,2013,authored-post,community-and-hospitality,recovered,aggregate-only
recovered-0122,2013,authored-post,everyday-life-and-observation,recovered,aggregate-only
recovered-0123,2013,authored-post,everyday-life-and-observation,recovered,aggregate-only
recovered-0124,2013,authored-post,everyday-life-and-observation,recovered,aggregate-only
recovered-0125,2013,authored-post,everyday-life-and-observation,recovered,aggregate-only
recovered-0126,2013,authored-post,everyday-life-and-observation,recovered,aggregate-only
recovered-0127,2013,authored-post,community-and-hospitality,recovered,aggregate-only
recovered-0128,2013,authored-post,everyday-life-and-observation,recovered,aggregate-only
recovered-0129,2013,authored-post,everyday-life-and-observation,recovered,aggregate-only
recovered-0130,2013,authored-post,everyday-life-and-observation,recovered,aggregate-only
recovered-0131,2014,authored-post,everyday-life-and-observation,recovered,aggregate-only
recovered-0132,2014,authored-post,culture-art-and-performance,recovered,aggregate-only
recovered-0133,2014,authored-post,community-and-hospitality,recovered,aggregate-only
recovered-0134,2014,authored-post,everyday-life-and-observation,recovered,aggregate-only
recovered-0135,2014,authored-post,community-and-hospitality,recovered,aggregate-only
recovered-0136,2014,authored-post,community-and-hospitality,recovered,aggregate-only
recovered-0137,2014,authored-post,community-and-hospitality,recovered,aggregate-only
recovered-0138,2014,authored-post,community-and-hospitality,recovered,aggregate-only
recovered-0139,2014,authored-post,everyday-life-and-observation,recovered,aggregate-only
recovered-0140,2014,authored-post,civic-and-public-interest-work,recovered,aggregate-only
recovered-0141,2014,authored-post,waterways-place-and-ecology,recovered,aggregate-only
recovered-0142,2014,authored-post,care-memory-and-relationships,recovered,aggregate-only
recovered-0143,2014,authored-post,community-and-hospitality,recovered,aggregate-only
recovered-0144,2014,authored-post,community-and-hospitality,recovered,aggregate-only
recovered-0145,2014,authored-post,everyday-life-and-observation,recovered,aggregate-only
recovered-0146,2014,authored-post,community-and-hospitality,recovered,aggregate-only
recovered-0147,2014,authored-post,everyday-life-and-observation,recovered,aggregate-only
recovered-0148,2014,authored-post,culture-art-and-performance,recovered,aggregate-only
recovered-0149,2014,authored-post,everyday-life-and-observation,recovered,aggregate-only
recovered-0150,2014,authored-post,everyday-life-and-observation,recovered,aggregate-only
recovered-0151,2014,authored-post,everyday-life-and-observation,recovered,aggregate-only
recovered-0152,2014,authored-post,everyday-life-and-observation,recovered,aggregate-only
recovered-0153,2014,authored-post,everyday-life-and-observation,recovered,aggregate-only
recovered-0154,2014,authored-post,everyday-life-and-observation,recovered,aggregate-only
recovered-0155,2014,repost,everyday-life-and-observation,recovered,aggregate-only
recovered-0156,2014,authored-post,everyday-life-and-observation,recovered,aggregate-only
recovered-0157,2014,authored-post,everyday-life-and-observation,recovered,aggregate-only
recovered-0158,2014,authored-post,everyday-life-and-observation,recovered,aggregate-only
recovered-0159,2014,authored-post,everyday-life-and-observation,recovered,aggregate-only
recovered-0160,2014,authored-post,everyday-life-and-observation,recovered,aggregate-only
recovered-0161,2014,authored-post,everyday-life-and-observation,recovered,aggregate-only
recovered-0162,2014,authored-post,everyday-life-and-observation,recovered,aggregate-only
recovered-0163,2014,authored-post,everyday-life-and-observation,recovered,aggregate-only
recovered-0164,2014,authored-post,everyday-life-and-observation,recovered,aggregate-only
recovered-0165,2014,authored-post,everyday-life-and-observation,recovered,aggregate-only
recovered-0166,2014,authored-post,everyday-life-and-observation,recovered,aggregate-only
recovered-0167,2014,authored-post,everyday-life-and-observation,recovered,aggregate-only
recovered-0168,2014,authored-post,everyday-life-and-observation,recovered,aggregate-only
recovered-0169,2014,authored-post,everyday-life-and-observation,recovered,aggregate-only
recovered-0170,2014,authored-post,everyday-life-and-observation,recovered,aggregate-only
recovered-0171,2014,authored-post,everyday-life-and-observation,recovered,aggregate-only
recovered-0172,2014,authored-post,community-and-hospitality,recovered,aggregate-only
recovered-0173,2014,authored-post,everyday-life-and-observation,recovered,aggregate-only
recovered-0174,2014,authored-post,everyday-life-and-observation,recovered,aggregate-only
recovered-0175,2014,authored-post,everyday-life-and-observation,recovered,aggregate-only
recovered-0176,2014,authored-post,everyday-life-and-observation,recovered,aggregate-only
recovered-0177,2014,authored-post,everyday-life-and-observation,recovered,aggregate-only
recovered-0178,2014,authored-post,waterways-place-and-ecology,recovered,aggregate-only
recovered-0179,2014,authored-post,everyday-life-and-observation,recovered,aggregate-only
recovered-0180,2014,authored-post,everyday-life-and-observation,recovered,aggregate-only
recovered-0181,2014,authored-post,everyday-life-and-observation,recovered,aggregate-only
recovered-0182,2014,authored-post,everyday-life-and-observation,recovered,aggregate-only
recovered-0183,2014,authored-post,everyday-life-and-observation,recovered,aggregate-only
recovered-0184,2014,authored-post,everyday-life-and-observation,recovered,aggregate-only
recovered-0185,2014,authored-post,everyday-life-and-observation,recovered,aggregate-only
recovered-0186,2014,authored-post,everyday-life-and-observation,recovered,aggregate-only
recovered-0187,2014,authored-post,everyday-life-and-observation,recovered,aggregate-only
recovered-0188,2014,authored-post,everyday-life-and-observation,recovered,aggregate-only
recovered-0189,2014,authored-post,everyday-life-and-observation,recovered,aggregate-only
recovered-0190,2014,authored-post,community-and-hospitality,recovered,aggregate-only
recovered-0191,2014,authored-post,everyday-life-and-observation,recovered,aggregate-only
recovered-0192,2014,authored-post,everyday-life-and-observation,recovered,aggregate-only
recovered-0193,2014,authored-post,waterways-place-and-ecology,recovered,aggregate-only
recovered-0194,2014,authored-post,community-and-hospitality,recovered,aggregate-only
recovered-0195,2014,authored-post,everyday-life-and-observation,recovered,aggregate-only
recovered-0196,2014,authored-post,everyday-life-and-observation,recovered,aggregate-only
recovered-0197,2014,authored-post,everyday-life-and-observation,recovered,aggregate-only
recovered-0198,2014,authored-post,community-and-hospitality,recovered,aggregate-only
recovered-0199,2014,authored-post,everyday-life-and-observation,recovered,aggregate-only
recovered-0200,2014,authored-post,everyday-life-and-observation,recovered,aggregate-only
recovered-0201,2014,authored-post,everyday-life-and-observation,recovered,aggregate-only
recovered-0202,2014,authored-post,everyday-life-and-observation,recovered,aggregate-only
recovered-0203,2014,authored-post,everyday-life-and-observation,recovered,aggregate-only
recovered-0204,2014,authored-post,everyday-life-and-observation,recovered,aggregate-only
recovered-0205,2014,authored-post,everyday-life-and-observation,recovered,aggregate-only
recovered-0206,2014,authored-post,community-and-hospitality,recovered,aggregate-only
recovered-0207,2014,authored-post,culture-art-and-performance,recovered,aggregate-only
recovered-0208,2014,authored-post,everyday-life-and-observation,recovered,aggregate-only
recovered-0209,2014,authored-post,culture-art-and-performance,recovered,aggregate-only
recovered-0210,2014,authored-post,everyday-life-and-observation,recovered,aggregate-only
recovered-0211,2014,authored-post,culture-art-and-performance,recovered,aggregate-only
recovered-0212,2014,authored-post,everyday-life-and-observation,recovered,aggregate-only
recovered-0213,2014,authored-post,culture-art-and-performance,recovered,aggregate-only
recovered-0214,2014,authored-post,everyday-life-and-observation,recovered,aggregate-only
recovered-0215,2014,authored-post,everyday-life-and-observation,recovered,aggregate-only
recovered-0216,2014,authored-post,everyday-life-and-observation,recovered,aggregate-only
recovered-0217,2014,authored-post,everyday-life-and-observation,recovered,aggregate-only
recovered-0218,2014,authored-post,everyday-life-and-observation,recovered,aggregate-only
recovered-0219,2014,authored-post,everyday-life-and-observation,recovered,aggregate-only
recovered-0220,2014,authored-post,everyday-life-and-observation,recovered,aggregate-only
recovered-0221,2014,authored-post,everyday-life-and-observation,recovered,aggregate-only
recovered-0222,2014,authored-post,everyday-life-and-observation,recovered,aggregate-only
recovered-0223,2014,authored-post,everyday-life-and-observation,recovered,aggregate-only
recovered-0224,2014,authored-post,everyday-life-and-observation,recovered,aggregate-only
recovered-0225,2014,authored-post,everyday-life-and-observation,recovered,aggregate-only
recovered-0226,2014,authored-post,everyday-life-and-observation,recovered,aggregate-only
recovered-0227,2014,authored-post,community-and-hospitality,recovered,aggregate-only
recovered-0228,2014,authored-post,community-and-hospitality,recovered,aggregate-only
recovered-0229,2014,authored-post,everyday-life-and-observation,recovered,aggregate-only
recovered-0230,2014,authored-post,everyday-life-and-observation,recovered,aggregate-only
recovered-0231,2014,authored-post,everyday-life-and-observation,recovered,aggregate-only
recovered-0232,2014,authored-post,everyday-life-and-observation,recovered,aggregate-only
recovered-0233,2014,authored-post,everyday-life-and-observation,recovered,aggregate-only
recovered-0234,2014,authored-post,everyday-life-and-observation,recovered,aggregate-only
recovered-0235,2014,authored-post,everyday-life-and-observation,recovered,aggregate-only
recovered-0236,2014,authored-post,culture-art-and-performance,recovered,aggregate-only
recovered-0237,2014,authored-post,everyday-life-and-observation,recovered,aggregate-only
recovered-0238,2014,authored-post,waterways-place-and-ecology,recovered,aggregate-only
recovered-0239,2014,authored-post,everyday-life-and-observation,recovered,aggregate-only
recovered-0240,2014,authored-post,everyday-life-and-observation,recovered,aggregate-only
recovered-0241,2014,authored-post,everyday-life-and-observation,recovered,aggregate-only
recovered-0242,2014,authored-post,everyday-life-and-observation,recovered,aggregate-only
recovered-0243,2014,repost,community-and-hospitality,recovered,aggregate-only
recovered-0244,2014,authored-post,everyday-life-and-observation,recovered,aggregate-only
recovered-0245,2015,authored-post,everyday-life-and-observation,recovered,aggregate-only
recovered-0246,2015,authored-post,civic-and-public-interest-work,recovered,aggregate-only
recovered-0247,2015,authored-post,everyday-life-and-observation,recovered,aggregate-only
recovered-0248,2015,authored-post,everyday-life-and-observation,recovered,aggregate-only
recovered-0249,2015,repost,civic-and-public-interest-work,recovered,aggregate-only
recovered-0250,2015,authored-post,everyday-life-and-observation,recovered,aggregate-only
recovered-0251,2015,authored-post,technical-and-digital-practice,recovered,aggregate-only
recovered-0252,2015,authored-post,technical-and-digital-practice,recovered,aggregate-only
recovered-0253,2015,authored-post,everyday-life-and-observation,recovered,aggregate-only
recovered-0254,2015,authored-post,culture-art-and-performance,recovered,aggregate-only
recovered-0255,2015,authored-post,everyday-life-and-observation,recovered,aggregate-only
recovered-0256,2015,authored-post,technical-and-digital-practice,recovered,aggregate-only
recovered-0257,2015,authored-post,technical-and-digital-practice,recovered,aggregate-only
recovered-0258,2015,authored-post,everyday-life-and-observation,recovered,aggregate-only
recovered-0259,2015,repost,civic-and-public-interest-work,recovered,aggregate-only
recovered-0260,2015,authored-reply,waterways-place-and-ecology,recovered,aggregate-only
recovered-0261,2015,authored-post,care-memory-and-relationships,recovered,aggregate-only
recovered-0262,2015,authored-post,everyday-life-and-observation,recovered,aggregate-only
recovered-0263,2016,repost,civic-and-public-interest-work,recovered,aggregate-only
recovered-0264,2016,repost,culture-art-and-performance,recovered,aggregate-only
recovered-0265,2016,repost,culture-art-and-performance,recovered,aggregate-only
recovered-0266,2016,authored-reply,culture-art-and-performance,recovered,aggregate-only
recovered-0267,2016,repost,culture-art-and-performance,recovered,aggregate-only
recovered-0268,2016,authored-post,everyday-life-and-observation,recovered,aggregate-only
recovered-0269,2016,authored-post,everyday-life-and-observation,recovered,aggregate-only
recovered-0270,2016,authored-post,community-and-hospitality,recovered,aggregate-only
recovered-0271,2016,repost,technical-and-digital-practice,recovered,aggregate-only
recovered-0272,2016,authored-post,civic-and-public-interest-work,recovered,aggregate-only
recovered-0273,2016,repost,technical-and-digital-practice,recovered,aggregate-only
recovered-0274,2016,authored-post,everyday-life-and-observation,recovered,aggregate-only
recovered-0275,2016,authored-post,everyday-life-and-observation,recovered,aggregate-only
recovered-0276,2016,repost,everyday-life-and-observation,recovered,aggregate-only
recovered-0277,2016,authored-post,civic-and-public-interest-work,recovered,aggregate-only
recovered-0278,2016,authored-post,civic-and-public-interest-work,recovered,aggregate-only
recovered-0279,2016,authored-post,culture-art-and-performance,recovered,aggregate-only
recovered-0280,2016,authored-post,technical-and-digital-practice,recovered,aggregate-only
recovered-0281,2016,authored-post,everyday-life-and-observation,recovered,aggregate-only
recovered-0282,2016,authored-post,everyday-life-and-observation,recovered,aggregate-only
recovered-0283,2016,authored-post,culture-art-and-performance,recovered,aggregate-only
recovered-0284,2016,repost,everyday-life-and-observation,recovered,aggregate-only
recovered-0285,2016,repost,community-and-hospitality,recovered,aggregate-only
recovered-0286,2016,authored-post,everyday-life-and-observation,recovered,aggregate-only
recovered-0287,2016,repost,technical-and-digital-practice,recovered,aggregate-only
recovered-0288,2016,repost,civic-and-public-interest-work,recovered,aggregate-only
recovered-0289,2016,authored-post,care-memory-and-relationships,recovered,aggregate-only
recovered-0290,2016,repost,everyday-life-and-observation,recovered,aggregate-only
recovered-0291,2016,repost,technical-and-digital-practice,recovered,aggregate-only
recovered-0292,2016,authored-post,community-and-hospitality,recovered,aggregate-only
recovered-0293,2016,authored-post,technical-and-digital-practice,recovered,aggregate-only
recovered-0294,2016,repost,technical-and-digital-practice,recovered,aggregate-only
recovered-0295,2016,authored-post,civic-and-public-interest-work,recovered,aggregate-only
recovered-0296,2016,authored-post,media-only-or-text-unavailable,recovered,aggregate-only
recovered-0297,2016,authored-reply,everyday-life-and-observation,recovered,aggregate-only
recovered-0298,2016,authored-post,everyday-life-and-observation,recovered,aggregate-only
recovered-0299,2016,authored-post,community-and-hospitality,recovered,aggregate-only
recovered-0300,2017,repost,culture-art-and-performance,recovered,aggregate-only
recovered-0301,2017,authored-post,culture-art-and-performance,recovered,aggregate-only
recovered-0302,2017,authored-post,civic-and-public-interest-work,recovered,aggregate-only
recovered-0303,2017,authored-post,waterways-place-and-ecology,recovered,aggregate-only
recovered-0304,2017,authored-reply,waterways-place-and-ecology,recovered,aggregate-only
recovered-0305,2017,authored-post,care-memory-and-relationships,recovered,aggregate-only
recovered-0306,2017,repost,civic-and-public-interest-work,recovered,aggregate-only
recovered-0307,2017,authored-post,everyday-life-and-observation,recovered,aggregate-only
recovered-0308,2017,repost,everyday-life-and-observation,recovered,aggregate-only
recovered-0309,2017,authored-post,civic-and-public-interest-work,recovered,aggregate-only
recovered-0310,2017,repost,civic-and-public-interest-work,recovered,aggregate-only
recovered-0311,2017,authored-post,civic-and-public-interest-work,recovered,aggregate-only
recovered-0312,2017,repost,civic-and-public-interest-work,recovered,aggregate-only
recovered-0313,2017,repost,culture-art-and-performance,recovered,aggregate-only
recovered-0314,2017,authored-post,civic-and-public-interest-work,recovered,aggregate-only
recovered-0315,2017,repost,civic-and-public-interest-work,recovered,aggregate-only
recovered-0316,2017,repost,civic-and-public-interest-work,recovered,aggregate-only
recovered-0317,2017,repost,civic-and-public-interest-work,recovered,aggregate-only
recovered-0318,2017,authored-post,civic-and-public-interest-work,recovered,aggregate-only
recovered-0319,2017,repost,civic-and-public-interest-work,recovered,aggregate-only
recovered-0320,2017,repost,civic-and-public-interest-work,recovered,aggregate-only
recovered-0321,2017,repost,civic-and-public-interest-work,recovered,aggregate-only
recovered-0322,2017,repost,civic-and-public-interest-work,recovered,aggregate-only
recovered-0323,2017,repost,care-memory-and-relationships,recovered,aggregate-only
recovered-0324,2017,repost,civic-and-public-interest-work,recovered,aggregate-only
recovered-0325,2017,repost,culture-art-and-performance,recovered,aggregate-only
recovered-0326,2017,repost,civic-and-public-interest-work,recovered,aggregate-only
recovered-0327,2017,repost,civic-and-public-interest-work,recovered,aggregate-only
recovered-0328,2017,repost,culture-art-and-performance,recovered,aggregate-only
recovered-0329,2017,repost,culture-art-and-performance,recovered,aggregate-only
recovered-0330,2017,repost,culture-art-and-performance,recovered,aggregate-only
recovered-0331,2017,repost,culture-art-and-performance,recovered,aggregate-only
recovered-0332,2017,repost,culture-art-and-performance,recovered,aggregate-only
recovered-0333,2017,repost,civic-and-public-interest-work,recovered,aggregate-only
recovered-0334,2017,repost,culture-art-and-performance,recovered,aggregate-only
recovered-0335,2017,repost,culture-art-and-performance,recovered,aggregate-only
recovered-0336,2017,repost,civic-and-public-interest-work,recovered,aggregate-only
recovered-0337,2017,authored-reply,civic-and-public-interest-work,recovered,aggregate-only
recovered-0338,2017,repost,civic-and-public-interest-work,recovered,aggregate-only
recovered-0339,2017,authored-post,culture-art-and-performance,recovered,aggregate-only
recovered-0340,2017,authored-post,everyday-life-and-observation,recovered,aggregate-only
recovered-0341,2017,authored-post,civic-and-public-interest-work,recovered,aggregate-only
recovered-0342,2017,authored-post,civic-and-public-interest-work,recovered,aggregate-only
recovered-0343,2017,repost,civic-and-public-interest-work,recovered,aggregate-only
recovered-0344,2017,repost,civic-and-public-interest-work,recovered,aggregate-only
recovered-0345,2017,repost,civic-and-public-interest-work,recovered,aggregate-only
recovered-0346,2017,repost,everyday-life-and-observation,recovered,aggregate-only
recovered-0347,2017,repost,civic-and-public-interest-work,recovered,aggregate-only
recovered-0348,2017,repost,civic-and-public-interest-work,recovered,aggregate-only
recovered-0349,2017,authored-reply,everyday-life-and-observation,recovered,aggregate-only
recovered-0350,2017,authored-post,civic-and-public-interest-work,recovered,aggregate-only
recovered-0351,2017,repost,civic-and-public-interest-work,recovered,aggregate-only
recovered-0352,2017,repost,civic-and-public-interest-work,recovered,aggregate-only
recovered-0353,2017,repost,civic-and-public-interest-work,recovered,aggregate-only
recovered-0354,2017,repost,civic-and-public-interest-work,recovered,aggregate-only
recovered-0355,2017,repost,civic-and-public-interest-work,recovered,aggregate-only
recovered-0356,2017,repost,culture-art-and-performance,recovered,aggregate-only
recovered-0357,2017,repost,culture-art-and-performance,recovered,aggregate-only
recovered-0358,2017,repost,civic-and-public-interest-work,recovered,aggregate-only
recovered-0359,2017,repost,civic-and-public-interest-work,recovered,aggregate-only
recovered-0360,2017,repost,civic-and-public-interest-work,recovered,aggregate-only
recovered-0361,2017,repost,civic-and-public-interest-work,recovered,aggregate-only
recovered-0362,2017,authored-post,civic-and-public-interest-work,recovered,aggregate-only
recovered-0363,2017,authored-post,civic-and-public-interest-work,recovered,aggregate-only
recovered-0364,2017,authored-post,everyday-life-and-observation,recovered,aggregate-only
recovered-0365,2017,authored-post,everyday-life-and-observation,recovered,aggregate-only
recovered-0366,2017,authored-post,civic-and-public-interest-work,recovered,aggregate-only
recovered-0367,2018,authored-post,everyday-life-and-observation,recovered,aggregate-only
recovered-0368,2018,authored-post,everyday-life-and-observation,recovered,aggregate-only
recovered-0369,2018,authored-post,waterways-place-and-ecology,recovered,aggregate-only
recovered-0370,2018,authored-reply,everyday-life-and-observation,recovered,aggregate-only
recovered-0371,2018,repost,civic-and-public-interest-work,recovered,aggregate-only
recovered-0372,2018,authored-post,everyday-life-and-observation,recovered,aggregate-only
recovered-0373,2018,repost,civic-and-public-interest-work,recovered,aggregate-only
recovered-0374,2018,authored-post,civic-and-public-interest-work,recovered,aggregate-only
recovered-0375,2018,authored-post,everyday-life-and-observation,recovered,aggregate-only
recovered-0376,2018,authored-post,care-memory-and-relationships,recovered,aggregate-only
recovered-0377,2018,authored-post,technical-and-digital-practice,recovered,aggregate-only
recovered-0378,2018,authored-post,everyday-life-and-observation,recovered,aggregate-only
recovered-0379,2018,authored-post,everyday-life-and-observation,recovered,aggregate-only
recovered-0380,2018,authored-post,civic-and-public-interest-work,recovered,aggregate-only
recovered-0381,2018,authored-post,culture-art-and-performance,recovered,aggregate-only
recovered-0382,2018,authored-post,civic-and-public-interest-work,recovered,aggregate-only
recovered-0383,2018,authored-post,everyday-life-and-observation,recovered,aggregate-only
recovered-0384,2018,authored-post,civic-and-public-interest-work,recovered,aggregate-only
recovered-0385,2018,repost,civic-and-public-interest-work,recovered,aggregate-only
recovered-0386,2018,authored-post,everyday-life-and-observation,recovered,aggregate-only
recovered-0387,2018,authored-post,everyday-life-and-observation,recovered,aggregate-only
recovered-0388,2018,repost,civic-and-public-interest-work,recovered,aggregate-only
recovered-0389,2018,authored-post,everyday-life-and-observation,recovered,aggregate-only
recovered-0390,2018,authored-post,civic-and-public-interest-work,recovered,aggregate-only
recovered-0391,2018,authored-post,culture-art-and-performance,recovered,aggregate-only
recovered-0392,2019,authored-post,culture-art-and-performance,recovered,aggregate-only
recovered-0393,2019,authored-post,civic-and-public-interest-work,recovered,aggregate-only
recovered-0394,2019,repost,culture-art-and-performance,recovered,aggregate-only
recovered-0395,2019,authored-post,media-only-or-text-unavailable,recovered,aggregate-only
recovered-0396,2019,authored-post,care-memory-and-relationships,recovered,aggregate-only
recovered-0397,2019,repost,civic-and-public-interest-work,recovered,aggregate-only
recovered-0398,2019,authored-reply,everyday-life-and-observation,recovered,aggregate-only
recovered-0399,2019,repost,civic-and-public-interest-work,recovered,aggregate-only
recovered-0400,2019,repost,civic-and-public-interest-work,recovered,aggregate-only
recovered-0401,2019,repost,civic-and-public-interest-work,recovered,aggregate-only
recovered-0402,2019,authored-post,everyday-life-and-observation,recovered,aggregate-only
recovered-0403,2019,repost,civic-and-public-interest-work,recovered,aggregate-only
recovered-0404,2019,authored-post,everyday-life-and-observation,recovered,aggregate-only
recovered-0405,2019,authored-post,media-only-or-text-unavailable,recovered,aggregate-only
recovered-0406,2019,authored-post,media-only-or-text-unavailable,recovered,aggregate-only
recovered-0407,2019,authored-post,media-only-or-text-unavailable,recovered,aggregate-only
recovered-0408,2019,authored-post,media-only-or-text-unavailable,recovered,aggregate-only
recovered-0409,2019,authored-post,media-only-or-text-unavailable,recovered,aggregate-only
recovered-0410,2019,authored-post,media-only-or-text-unavailable,recovered,aggregate-only
recovered-0411,2019,authored-post,media-only-or-text-unavailable,recovered,aggregate-only
recovered-0412,2019,authored-post,civic-and-public-interest-work,recovered,aggregate-only
recovered-0413,2019,authored-post,civic-and-public-interest-work,recovered,aggregate-only
recovered-0414,2019,authored-post,civic-and-public-interest-work,recovered,aggregate-only
recovered-0415,2019,authored-post,civic-and-public-interest-work,recovered,aggregate-only
recovered-0416,2019,authored-post,everyday-life-and-observation,recovered,aggregate-only
recovered-0417,2019,authored-post,everyday-life-and-observation,recovered,aggregate-only
recovered-0418,2019,authored-post,everyday-life-and-observation,recovered,aggregate-only
recovered-0419,2019,authored-post,care-memory-and-relationships,recovered,aggregate-only
recovered-0420,2019,authored-reply,culture-art-and-performance,recovered,aggregate-only
recovered-0421,2019,authored-post,everyday-life-and-observation,recovered,aggregate-only
recovered-0422,2019,repost,everyday-life-and-observation,recovered,aggregate-only
recovered-0423,2020,repost,culture-art-and-performance,recovered,aggregate-only
recovered-0424,2020,authored-post,community-and-hospitality,recovered,aggregate-only
recovered-0425,2020,authored-post,everyday-life-and-observation,recovered,aggregate-only
recovered-0426,2020,authored-post,everyday-life-and-observation,recovered,aggregate-only
recovered-0427,2020,repost,everyday-life-and-observation,recovered,aggregate-only
recovered-0428,2020,repost,culture-art-and-performance,recovered,aggregate-only
recovered-0429,2020,authored-post,technical-and-digital-practice,recovered,aggregate-only
recovered-0430,2020,authored-post,technical-and-digital-practice,recovered,aggregate-only
recovered-0431,2021,repost,civic-and-public-interest-work,recovered,aggregate-only
recovered-0432,2022,authored-post,care-memory-and-relationships,recovered,aggregate-only
recovered-0433,2022,authored-reply,waterways-place-and-ecology,recovered,aggregate-only
recovered-0434,2023,repost,care-memory-and-relationships,recovered,aggregate-only
