ledger_id,status_id,date,record_type,account,primary_theme,mentioned_handles,hashtags,status_url,accounting_status
recovered-001,433628764493606913,2014-02-12,repost,all_ages,community-scene-context,all_ages,,https://x.com/all_ages/status/433628764493606913,recovered
recovered-002,433671630837919744,2014-02-12,authored-post,wowlist,product-community-infrastructure,urbanhermit|wowlist,SundayDinner,https://x.com/wowlist/status/433671630837919744,recovered
recovered-003,587713396486856704,2015-04-13,authored-post,wowlist,event-distribution,wowlist,org20,https://x.com/wowlist/status/587713396486856704,recovered
recovered-004,590942060829663232,2015-04-22,authored-post,wowlist,event-distribution,Allied_Media|AlliedMediaConf|PMPressOrg|wowlist,amc2015,https://x.com/wowlist/status/590942060829663232,recovered
recovered-005,590961074326917122,2015-04-22,authored-post,wowlist,event-distribution,DSTRYNATEALLEN|wowlist,folkPunk|KCDIY,https://x.com/wowlist/status/590961074326917122,recovered
recovered-006,591664757473673216,2015-04-24,authored-reply,wowlist,product-support-and-onboarding,juliafredenburg|wowlist,,https://x.com/wowlist/status/591664757473673216,recovered
recovered-007,591666366215811073,2015-04-24,authored-reply,wowlist,product-support-and-onboarding,juliafredenburg|wowlist,,https://x.com/wowlist/status/591666366215811073,recovered
recovered-008,591668857670148096,2015-04-24,authored-reply,wowlist,product-support-and-onboarding,juliafredenburg|wowlist,,https://x.com/wowlist/status/591668857670148096,recovered
recovered-009,591944013768499200,2015-04-25,repost,urbanhermit,platform-use-and-event-amplification,urbanhermit,,https://x.com/urbanhermit/status/591944013768499200,recovered
recovered-010,592424659225845760,2015-04-26,repost,TheSilentBarn,civic-care-amplification,TheSilentBarn,,https://x.com/TheSilentBarn/status/592424659225845760,recovered
recovered-011,592718356018556928,2015-04-27,repost,urbanhermit,platform-use-and-event-amplification,urbanhermit,,https://x.com/urbanhermit/status/592718356018556928,recovered
recovered-012,592787353925726208,2015-04-27,repost,zachfromiji,community-scene-context,zachfromiji,,https://x.com/zachfromiji/status/592787353925726208,recovered
recovered-013,592810776961916929,2015-04-27,authored-post,wowlist,scene-knowledge-and-connection,elisegranata|wowlist,grasstronaut,https://x.com/wowlist/status/592810776961916929,recovered
recovered-014,596690796641923073,2015-05-08,authored-post,wowlist,scene-knowledge-and-connection,elisegranata|wowlist,,https://x.com/wowlist/status/596690796641923073,recovered
recovered-015,596691623993581568,2015-05-08,authored-post,wowlist,scene-knowledge-and-connection,elisegranata|wowlist,,https://x.com/wowlist/status/596691623993581568,recovered
recovered-016,598530404669358080,2015-05-13,authored-post,wowlist,event-distribution,wowlist|zachfromiji,DesertDip,https://x.com/wowlist/status/598530404669358080,recovered
recovered-017,603631189308604416,2015-05-27,repost,pluspoolny,community-scene-context,pluspoolny,,https://x.com/pluspoolny/status/603631189308604416,recovered
recovered-018,604360847012413440,2015-05-29,repost,punkscriminals,platform-use-and-event-amplification,punkscriminals|weareonthewater|wowlistnyc,calendar|concert|event|livemusic|music|show,https://x.com/punkscriminals/status/604360847012413440,recovered
recovered-019,606517628765650945,2015-06-04,authored-post,wowlist,event-distribution,RapidPulseFest|wowlist,RP15,https://x.com/wowlist/status/606517628765650945,recovered
recovered-020,632168285291835392,2015-08-14,authored-post,wowlist,product-community-infrastructure,wowlist,,https://x.com/wowlist/status/632168285291835392,recovered
recovered-021,663732869357965313,2015-11-09,repost,cotfg,platform-use-and-event-amplification,cotfg,,https://x.com/cotfg/status/663732869357965313,recovered
recovered-022,665520472461860864,2015-11-14,authored-post,wowlist,product-community-infrastructure,all_ages|wowlist,,https://x.com/wowlist/status/665520472461860864,recovered
recovered-023,749378122823245824,2016-07-02,repost,rchrd2,platform-use-and-event-amplification,rchrd2|wowlist,,https://x.com/rchrd2/status/749378122823245824,recovered
recovered-024,751150062458269696,2016-07-07,authored-post,wowlist,civic-mobilization-and-care,wowlist,AltonSterling|BlackLivesMatter|PhilandoCastile,https://x.com/wowlist/status/751150062458269696,recovered
recovered-025,771412862191407104,2016-09-01,authored-reply,wowlist,product-support-and-onboarding,285KENT|lil_seltz|wowlist,,https://x.com/wowlist/status/771412862191407104,recovered
recovered-026,771455571501416448,2016-09-01,authored-reply,wowlist,product-support-and-onboarding,selfdfens|showpaper|wowlist,,https://x.com/wowlist/status/771455571501416448,recovered
recovered-027,771457416298921985,2016-09-01,authored-reply,wowlist,product-support-and-onboarding,selfdfens|showpaper|wowlist,,https://x.com/wowlist/status/771457416298921985,recovered
recovered-028,783312785702805504,2016-10-04,repost,FOKLcenter,community-scene-context,FOKLcenter,,https://x.com/FOKLcenter/status/783312785702805504,recovered
recovered-029,796473557387575297,2016-11-09,authored-post,wowlist,civic-mobilization-and-care,wowlist,DownWithTrump,https://x.com/wowlist/status/796473557387575297,recovered
recovered-030,797181275308257282,2016-11-11,repost,yokoono,community-scene-context,yokoono,,https://x.com/yokoono/status/797181275308257282,recovered
recovered-031,798274424763981824,2016-11-14,authored-post,wowlist,civic-mobilization-and-care,wowlist,NotMyPresident|WeAreThePopularVote,https://x.com/wowlist/status/798274424763981824,recovered
recovered-032,801883926029447168,2016-11-24,repost,5432fun,civic-care-amplification,5432fun,,https://x.com/5432fun/status/801883926029447168,recovered
recovered-033,805210387004223488,2016-12-04,authored-post,wowlist,civic-mobilization-and-care,wowlist,,https://x.com/wowlist/status/805210387004223488,recovered
recovered-034,805949658405175296,2016-12-06,repost,urbanhermit,civic-care-amplification,urbanhermit,,https://x.com/urbanhermit/status/805949658405175296,recovered
recovered-035,806517013472485376,2016-12-07,authored-post,wowlist,civic-mobilization-and-care,wowlist,,https://x.com/wowlist/status/806517013472485376,recovered
recovered-036,807395049814290433,2016-12-10,repost,urbanhermit,civic-care-amplification,urbanhermit,DIYsavesOurLife,https://x.com/urbanhermit/status/807395049814290433,recovered
recovered-037,815697993709993984,2017-01-01,repost,MeowWolf,civic-care-amplification,MeowWolf,,https://x.com/MeowWolf/status/815697993709993984,recovered
recovered-038,819663088634851328,2017-01-12,repost,goshwizard,community-scene-context,goshwizard,,https://x.com/goshwizard/status/819663088634851328,recovered
