ledger_id,post_id,date,record_type,primary_theme,reactions,comments,shares,source_url,accounting_status,public_detail_status
recovered-001,384399728433507,2015-04-25,standalone-post,event-distribution,0,0,0,https://www.facebook.com/wowlist/posts/384399728433507,recovered,metadata-only
recovered-002,389058464634300,2015-05-11,standalone-post,distributed-community-use,0,0,0,https://www.facebook.com/wowlist/posts/389058464634300,recovered,metadata-only
recovered-003,389607387912741,2015-05-13,standalone-post,event-distribution,0,2,0,https://www.facebook.com/wowlist/posts/389607387912741,recovered,metadata-only
recovered-004,396324050574408,2015-05-29,standalone-post,distributed-community-use,2,1,0,https://www.facebook.com/wowlist/posts/396324050574408,recovered,metadata-only
recovered-005,398906853649461,2015-06-04,standalone-post,event-distribution,0,0,1,https://www.facebook.com/wowlist/posts/398906853649461,recovered,metadata-only
recovered-006,405879632952183,2015-06-24,standalone-post,cultural-space-care,2,1,1,https://www.facebook.com/wowlist/posts/405879632952183,recovered,metadata-only
recovered-007,406264956246984,2015-06-25,standalone-post,event-distribution,5,2,1,https://www.facebook.com/wowlist/posts/406264956246984,recovered,metadata-only
recovered-008,406350326238447,2015-06-25,standalone-post,event-distribution,0,0,0,https://www.facebook.com/wowlist/posts/406350326238447,recovered,metadata-only
recovered-009,422738701266276,2015-08-14,standalone-post,product-community-infrastructure,0,0,0,https://www.facebook.com/wowlist/posts/422738701266276,recovered,metadata-only
recovered-010,422801284593351,2015-08-14,standalone-post,product-community-infrastructure,1,0,0,https://www.facebook.com/wowlist/posts/422801284593351,recovered,metadata-only
recovered-011,425723747634438,2015-08-22,reshared-story,distributed-community-use,1,1,0,https://www.facebook.com/wowlist/posts/425723747634438,recovered,metadata-only
recovered-012,430461273827352,2015-09-03,standalone-post,product-community-infrastructure,3,0,0,https://www.facebook.com/wowlist/posts/430461273827352,recovered,metadata-only
recovered-013,433959393477540,2015-09-14,standalone-post,distributed-community-use,0,1,0,https://www.facebook.com/wowlist/posts/433959393477540,recovered,metadata-only
recovered-014,435109090029237,2015-09-18,standalone-post,distributed-community-use,1,0,0,https://www.facebook.com/wowlist/posts/435109090029237,recovered,metadata-only
recovered-015,438721293001350,2015-10-01,standalone-post,cultural-space-care,1,0,0,https://www.facebook.com/wowlist/posts/438721293001350,recovered,metadata-only
recovered-016,439926419547504,2015-10-05,standalone-post,distributed-community-use,13,3,29,https://www.facebook.com/wowlist/posts/439926419547504,recovered,metadata-only
recovered-017,440608412812638,2015-10-08,standalone-post,cultural-space-care,0,0,0,https://www.facebook.com/wowlist/posts/440608412812638,recovered,metadata-only
recovered-018,443131052560374,2015-10-17,standalone-post,product-community-infrastructure,1,0,0,https://www.facebook.com/wowlist/posts/443131052560374,recovered,metadata-only
recovered-019,447543708785775,2015-11-04,standalone-post,event-distribution,2,0,0,https://www.facebook.com/wowlist/posts/447543708785775,recovered,metadata-only
recovered-020,449839565222856,2015-11-13,reshared-story,event-distribution,1,0,0,https://www.facebook.com/wowlist/posts/449839565222856,recovered,metadata-only
recovered-021,450595671813912,2015-11-16,reshared-story,product-community-infrastructure,4,0,0,https://www.facebook.com/wowlist/posts/450595671813912,recovered,metadata-only
recovered-022,450622238477922,2015-11-16,standalone-post,distributed-community-use,6,0,0,https://www.facebook.com/wowlist/posts/450622238477922,recovered,metadata-only
recovered-023,515811585292320,2016-05-23,reshared-story,product-community-infrastructure,5,0,0,https://www.facebook.com/wowlist/posts/515811585292320,recovered,metadata-only
recovered-024,515826801957465,2016-05-23,standalone-post,distributed-community-use,2,0,0,https://www.facebook.com/wowlist/posts/515826801957465,recovered,metadata-only
recovered-025,522381004635378,2016-06-09,standalone-post,public-knowledge-and-storytelling,0,0,0,https://www.facebook.com/wowlist/posts/522381004635378,recovered,metadata-only
recovered-026,522920754581403,2016-06-11,reshared-story,cultural-space-care,3,0,0,https://www.facebook.com/wowlist/posts/522920754581403,recovered,metadata-only
recovered-027,529370927269719,2016-06-28,reshared-story,distributed-community-use,1,0,0,https://www.facebook.com/wowlist/posts/529370927269719,recovered,metadata-only
recovered-028,529378613935617,2016-06-28,reshared-story,distributed-community-use,2,0,0,https://www.facebook.com/wowlist/posts/529378613935617,recovered,metadata-only
recovered-029,529669663906512,2016-06-29,reshared-story,civic-routing,0,0,0,https://www.facebook.com/wowlist/posts/529669663906512,recovered,metadata-only
recovered-030,529797787227033,2016-06-30,reshared-story,distributed-community-use,2,0,0,https://www.facebook.com/wowlist/posts/529797787227033,recovered,metadata-only
recovered-031,531156430424502,2016-07-03,standalone-post,cultural-space-care,2,0,0,https://www.facebook.com/wowlist/posts/531156430424502,recovered,metadata-only
recovered-032,572320439641434,2016-10-11,reshared-story,event-distribution,1,1,0,https://www.facebook.com/wowlist/posts/572320439641434,recovered,metadata-only
recovered-033,574129079460570,2016-10-15,reshared-story,event-distribution,0,1,0,https://www.facebook.com/wowlist/posts/574129079460570,recovered,metadata-only
recovered-034,575941009279377,2016-10-19,reshared-story,cultural-space-care,1,0,0,https://www.facebook.com/wowlist/posts/575941009279377,recovered,metadata-only
recovered-035,584845425055602,2016-11-05,standalone-post,event-distribution,1,0,0,https://www.facebook.com/wowlist/posts/584845425055602,recovered,metadata-only
recovered-036,586893981517413,2016-11-09,standalone-post,civic-routing,1,0,0,https://www.facebook.com/wowlist/posts/586893981517413,recovered,metadata-only
recovered-037,589231931283618,2016-11-15,standalone-post,civic-routing,2,0,6,https://www.facebook.com/wowlist/posts/589231931283618,recovered,metadata-only
recovered-038,589463604593784,2016-11-15,standalone-post,civic-routing,1,0,4,https://www.facebook.com/wowlist/posts/589463604593784,recovered,metadata-only
recovered-039,589905124549632,2016-11-16,reshared-story,civic-routing,1,0,0,https://www.facebook.com/wowlist/posts/589905124549632,recovered,metadata-only
recovered-040,592336194306525,2016-11-21,reshared-story,civic-routing,3,0,0,https://www.facebook.com/wowlist/posts/592336194306525,recovered,metadata-only
recovered-041,598119190394892,2016-12-04,standalone-post,cultural-space-care,0,0,1,https://www.facebook.com/wowlist/posts/598119190394892,recovered,metadata-only
recovered-042,598204300386381,2016-12-04,reshared-story,cultural-space-care,0,0,0,https://www.facebook.com/wowlist/posts/598204300386381,recovered,metadata-only
recovered-043,598204937052984,2016-12-04,reshared-story,cultural-space-care,1,0,0,https://www.facebook.com/wowlist/posts/598204937052984,recovered,metadata-only
recovered-044,599384950268316,2016-12-06,standalone-post,cultural-space-care,2,0,0,https://www.facebook.com/wowlist/posts/599384950268316,recovered,metadata-only
recovered-045,599802690226542,2016-12-07,standalone-post,cultural-space-care,0,0,1,https://www.facebook.com/wowlist/posts/599802690226542,recovered,metadata-only
recovered-046,602887726584705,2016-12-13,standalone-post,cultural-space-care,1,0,0,https://www.facebook.com/wowlist/posts/602887726584705,recovered,metadata-only
recovered-047,603121939894617,2016-12-13,standalone-post,cultural-space-care,1,0,0,https://www.facebook.com/wowlist/posts/603121939894617,recovered,metadata-only
recovered-048,604041746469303,2016-12-15,reshared-story,cultural-space-care,3,0,0,https://www.facebook.com/wowlist/posts/604041746469303,recovered,metadata-only
recovered-049,604149446458533,2016-12-15,standalone-post,cultural-space-care,4,1,4,https://www.facebook.com/wowlist/posts/604149446458533,recovered,metadata-only
recovered-050,616983925175085,2017-01-13,standalone-post,civic-routing,1,1,1,https://www.facebook.com/wowlist/posts/616983925175085,recovered,metadata-only
recovered-051,623352527871558,2017-01-26,standalone-post,cultural-space-care,2,0,0,https://www.facebook.com/wowlist/posts/623352527871558,recovered,metadata-only
recovered-052,642655592607918,2017-03-09,standalone-post,cultural-space-care,4,0,0,https://www.facebook.com/wowlist/posts/642655592607918,recovered,metadata-only
recovered-053,645446255662185,2017-03-15,reshared-story,cultural-space-care,0,0,0,https://www.facebook.com/wowlist/posts/645446255662185,recovered,metadata-only
recovered-054,648642558675888,2017-03-22,reshared-story,cultural-space-care,2,0,0,https://www.facebook.com/wowlist/posts/648642558675888,recovered,metadata-only
recovered-055,661430584063752,2017-04-14,reshared-story,event-distribution,0,0,0,https://www.facebook.com/wowlist/posts/661430584063752,recovered,metadata-only
recovered-056,702379893302154,2017-07-03,reshared-story,civic-routing,1,1,0,https://www.facebook.com/wowlist/posts/702379893302154,recovered,metadata-only
recovered-057,826673707539438,2018-03-23,reshared-story,distributed-community-use,1,0,0,https://www.facebook.com/wowlist/posts/826673707539438,recovered,metadata-only
